,timestamp,course_enrolled,heard_about_CCM_website,heard_about_CCM_social_media,heard_about_CCM_community_event,heard_about_CCM_family_friend,heard_about_CCM_current_student,heard_about_CCM_alumni,heard_about_CCM_high_school_teacher,heard_about_CCM_high_school_counselor,heard_about_CCM_in_app_ad,heard_about_CCM_employer,heard_about_CCM_billboard,heard_about_CCM_television,heard_about_CCM_radio,heard_about_CCM_other,impact_affordable_cost,impact_location_convenience,impact_choice_of_programs,impact_online_offerings,impact_family_friend_referral,impact_faculty_staff,impact_college_reputation,impact_financial_aid,impact_scholarships,impact_small_class_sizes,impact_extra_curricular_opportunities,impact_accepted_transfer_credits,impact_negative_experience_other_college,impact_NJ_stars_program,impact_transfer_CCM_credits_4_year,impact_credit_in_high_school,participation_open_house,participation_instant_decision_day,participation_on_campus_info_session,participation_titans_tuesday_virtual_info_session,participation_women_who_dare,participation_regional_college_fair,participation_hs_sharetime_info_session,participation_challenger_program,participation_cybersecurity_program,participation_info_session_high_school,participation_campus_visit_high_school,participation_campus_visit_individual,participation_workforce_development_class,participation_corporate_training,participation_teen_arts_festival,participation_summer_camp_CCM,impact_hs_computing_class,impact_hs_computing_club,impact_computing_competition,impact_afterschool_computing_program,impact_summer_computing_program,impact_ap_computing_class,impact_dual_enrollment_computing_class,impact_family_friend_influence,impact_family_friend_computing_field,impact_hs_teacher_counselor,impact_employer_influence,impact_current_ccm_student,impact_work_experience,impact_other,current_degree_program,motivation_get_job_computing,motivation_transfer_bachelors,motivation_transfer_credits_hs,motivation_career_advancement,motivation_career_change,motivation_professional_dev,motivation_job_displacement,motivation_relocation,motivation_keep_current_tech,motivation_it_certifications,motivation_financial,motivation_personal_enrichment,info_source_hs_counselor,info_source_hs_teacher,info_source_ccm_it_website,info_source_ccm_admissions,info_source_ccm_advisor,info_source_employer,info_source_ccm_workforce_dev,info_source_nj_workforce_dev,info_source_other,first_choice_or_major_change,interest_more_computing_classes,explain_interest_computing_classes,gender,race_ethnicity,Age
0,2024/09/09 12:33:58 PM AST,CMP 128 Computer Science I,Yes,Yes,Yes,Yes,Yes,Yes,Yes,Yes,No,No,No,No,No,No,1,1,0,0,0,-1,0,-1,-1,-1,-1,0,-1,-1,1,0,No,No,No,No,No,No,No,No,No,No,No,Yes,No,No,No,Yes,-1,-1,0,-1,-1,-1,-1,-1,-1,-1,-1,-1,-1,-1,Mechanical Engineering,,,,,,,,,,,,,,,,,,,,,,,2,Quite difficult and I do not see myself using it in the future,Man,White/Caucasian,21-24
1,2024/09/09 6:00:11 PM AST,,No,No,Yes,No,No,No,Yes,Don't recall,No,No,No,No,No,Don't recall,0,0,0,-1,,-1,0,0,-1,-1,-1,,,-1,-1,,Yes,No,No,No,No,Not Sure,No,No,No,No,No,No,No,No,No,Not Sure,,,,,,,,,,,,,,1,Game Development,Yes,No,No,No,No,No,No,No,No,No,No,Yes,Don't recall,Don't recall,No,No,No,No,No,No,Don't recall,First Choice,,,Man,Hispanic or Latino;White/Caucasian;Multi-Racial,18 and younger
2,2024/09/10 9:00:12 AM AST,CMP 128 Computer Science I,No,No,No,Yes,No,Yes,No,Yes,No,No,No,No,No,No,1,0,0,-1,1,0,1,0,0,0,0,-1,-1,-1,1,-1,No,No,No,No,No,No,No,No,No,No,No,No,No,No,No,No,0,0,1,0,0,-1,-1,1,1,1,0,0,0,-1,Computer Science,Yes,Yes,No,No,No,Yes,No,No,Yes,No,No,No,No,No,No,Yes,No,No,No,No,No,First Choice,,,Man,Hispanic or Latino;Asian,18 and younger
3,2024/09/10 12:34:53 PM AST,CMP 128 Computer Science I,Yes,Yes,Yes,Yes,No,No,Yes,Yes,No,No,Yes,Yes,No,No,1,1,1,0,1,0,0,0,0,-1,0,0,-1,1,1,-1,Yes,No,Yes,No,No,No,No,No,No,Yes,Yes,Yes,No,No,No,No,1,1,-1,-1,-1,-1,-1,-1,-1,0,-1,0,0,-1,Mechanical Engineering,,,,,,,,,,,,,,,,,,,,,,,3,"It all depends on what classes are required for my final semester, but I might not be looking back to this class overall.",Man,Hispanic or Latino,19-20
4,2024/09/10 3:06:47 PM AST,CMP 128 Computer Science I,No,No,No,Yes,No,No,Yes,No,No,Yes,No,No,No,No,1,1,0,0,1,0,0,-1,-1,-1,-1,-1,-1,-1,0,0,No,No,No,No,No,No,No,No,No,No,No,No,No,No,No,No,0,-1,-1,-1,-1,-1,-1,0,0,0,-1,-1,-1,-1,Computer Science,Yes,Yes,No,Yes,No,No,No,No,Yes,No,No,Yes,Don't recall,Don't recall,No,No,No,Yes,No,No,Yes,First Choice,,,Man,Asian,19-20
5,2024/09/10 3:07:28 PM AST,CMP 128 Computer Science I,No,No,No,No,No,Yes,No,No,No,Yes,No,No,No,No,-1,-1,-1,-1,-1,-1,-1,-1,-1,-1,-1,-1,-1,-1,-1,-1,No,No,No,No,No,No,No,No,No,No,No,No,No,No,No,No,-1,-1,-1,-1,-1,-1,-1,-1,-1,-1,1,-1,1,-1,Undecided,,,,,,,,,,,,,,,,,,,,,,,4,I work with Schneider Electric PLC Programming software on a daily basis and some of what I need to learn is based on basic Computer programming language,Man,White/Caucasian,21-24
6,2024/09/10 3:07:36 PM AST,CMP 128 Computer Science I,Yes,Yes,Don't recall,Yes,No,No,Yes,Yes,No,No,No,No,No,No,1,1,1,1,-1,-1,0,0,0,0,-1,0,-1,-1,1,-1,No,No,No,No,No,No,No,No,No,No,No,No,No,No,No,No,0,0,0,0,0,0,0,0,0,0,0,0,0,0,Business,,,,,,,,,,,,,,,,,,,,,,,2,This it the only computing class I would need to take to complete my degree.,Man,Asian,19-20
7,2024/09/10 3:07:42 PM AST,CMP 128 Computer Science I,Yes,Yes,No,Yes,Yes,Yes,Yes,Yes,No,No,No,No,No,No,1,1,1,0,0,0,0,0,0,0,0,0,-1,-1,1,0,No,No,No,No,No,No,No,No,No,No,No,No,No,No,No,No,-1,-1,-1,-1,-1,-1,-1,-1,-1,-1,-1,-1,-1,-1,Undecided,,,,,,,,,,,,,,,,,,,,,,,3,,Woman,Asian,19-20
8,2024/09/10 3:07:51 PM AST,CMP 128 Computer Science I,No,No,No,No,No,No,Yes,Yes,No,No,No,No,No,No,1,-1,-1,-1,-1,0,-1,1,1,1,-1,1,-1,1,1,-1,No,No,Yes,No,No,No,No,No,No,Yes,Yes,No,No,No,No,No,-1,0,1,-1,-1,-1,0,-1,-1,1,0,-1,1,-1,Technical Studies,Yes,Yes,No,Yes,No,Yes,No,No,No,No,Yes,Yes,Yes,Yes,Don't recall,Yes,Yes,Yes,No,No,No,First Choice,,,Woman,Hispanic or Latino,18 and younger
9,2024/09/10 3:08:06 PM AST,CMP 128 Computer Science I,No,No,No,Yes,No,No,No,No,No,No,No,No,No,No,1,-1,-1,-1,1,-1,-1,-1,-1,-1,-1,-1,-1,-1,1,-1,No,No,No,No,No,No,No,No,No,No,No,No,No,No,No,No,-1,-1,-1,-1,-1,1,-1,-1,-1,-1,-1,-1,-1,-1,Computer Science,Yes,Yes,No,Yes,No,No,No,No,No,No,Yes,No,No,No,No,No,No,No,No,No,No,First Choice,,,Man,White/Caucasian,18 and younger
10,2024/09/10 3:08:12 PM AST,CMP 128 Computer Science I,No,No,No,Yes,No,No,Yes,Yes,No,No,No,No,No,No,1,1,1,-1,-1,-1,1,1,-1,1,-1,-1,-1,-1,,-1,No,No,No,No,No,No,No,No,No,No,No,No,No,No,No,No,-1,-1,-1,-1,-1,-1,-1,-1,-1,1,-1,1,-1,-1,Information Security,Yes,Yes,No,No,No,No,No,No,Yes,Yes,Yes,Yes,Yes,Yes,Yes,Yes,Yes,No,No,No,No,Business,,,Man,Hispanic or Latino,19-20
11,2024/09/10 3:08:18 PM AST,CMP 128 Computer Science I,Yes,Yes,No,No,No,No,No,No,No,No,No,No,No,No,1,1,1,-1,0,-1,1,1,-1,0,-1,-1,-1,-1,1,-1,Yes,Yes,Yes,No,No,No,Yes,No,No,Yes,No,Yes,No,No,No,No,-1,-1,-1,-1,-1,-1,-1,-1,-1,-1,-1,-1,-1,-1,electrical engineering technology,,,,,,,,,,,,,,,,,,,,,,,1,it would not really benefit me to take another while there are other classes that i need to take to finish my degree,Man,Hispanic or Latino,18 and younger
12,2024/09/10 3:08:20 PM AST,CMP 128 Computer Science I,No,No,No,No,Yes,No,Yes,No,No,No,No,No,No,Yes,1,1,0,0,-1,-1,-1,-1,-1,0,-1,-1,-1,-1,1,-1,Yes,No,No,No,No,No,No,No,No,No,No,Yes,No,No,No,No,1,1,1,-1,-1,-1,-1,-1,-1,1,-1,-1,-1,1,Computer Science,Yes,No,No,No,No,No,No,No,Yes,No,Yes,Yes,No,No,No,No,No,No,No,No,No,First Choice,,,Man,Hispanic or Latino;White/Caucasian,18 and younger
13,2024/09/10 3:08:38 PM AST,CMP 128 Computer Science I,No,Yes,No,Yes,No,No,Yes,Yes,No,No,Yes,No,No,No,1,0,0,-1,0,-1,0,0,-1,1,0,1,-1,-1,0,-1,No,No,No,No,No,No,No,No,Yes,No,No,Yes,No,No,No,No,-1,-1,-1,-1,-1,-1,-1,-1,-1,-1,-1,-1,-1,-1,Information Security,Yes,Yes,No,No,Yes,Yes,No,No,No,Yes,Yes,Yes,No,No,No,No,No,No,No,No,Yes,Engineering,,,Man,Hispanic or Latino,25-34
14,2024/09/10 3:08:43 PM AST,CMP 128 Computer Science I,Yes,No,No,No,No,No,No,No,No,No,No,No,No,Yes,1,1,1,0,-1,-1,-1,-1,-1,-1,-1,-1,0,-1,-1,-1,No,No,No,No,No,No,No,No,No,No,No,No,No,No,No,No,-1,-1,-1,-1,-1,-1,-1,-1,-1,-1,-1,-1,-1,-1,Computer Science,Yes,Yes,Yes,Yes,Yes,Yes,No,No,Yes,Yes,Yes,Yes,No,No,No,No,No,No,No,No,No,Business,,,Man,Asian,25-34
15,2024/09/10 3:08:50 PM AST,CMP 128 Computer Science I,No,No,No,No,Yes,No,No,No,No,No,No,No,No,No,1,-1,0,-1,-1,-1,-1,1,0,-1,1,0,-1,-1,1,1,No,No,No,No,No,No,No,No,No,No,No,No,No,No,No,No,-1,-1,-1,-1,-1,-1,-1,-1,-1,-1,-1,1,-1,1,Computer Science,Yes,Yes,No,Yes,Yes,No,Yes,No,No,No,Yes,Yes,No,No,No,No,No,No,No,No,Yes,First Choice,,,Man,Black/African American,18 and younger
16,2024/09/10 3:09:36 PM AST,CMP 128 Computer Science I,No,No,No,Yes,Yes,Yes,Yes,Yes,No,No,No,No,No,Don't recall,1,1,0,0,1,0,1,1,-1,-1,-1,-1,-1,-1,0,-1,No,No,No,No,No,No,No,No,No,Yes,No,Yes,No,No,No,No,-1,-1,-1,-1,-1,-1,-1,-1,-1,0,-1,-1,-1,-1,Liberal Arts,,,,,,,,,,,,,,,,,,,,,,,4,It is beneficial to everyday life and good skill to have,Man,White/Caucasian,19-20
17,2024/09/10 3:09:48 PM AST,CMP 128 Computer Science I,Yes,No,Yes,No,No,No,No,Yes,No,No,No,No,No,No,1,1,0,0,0,1,0,0,0,0,0,-1,-1,-1,0,-1,No,No,No,No,No,No,No,No,No,No,No,No,No,No,No,No,-1,-1,-1,-1,-1,-1,-1,-1,-1,-1,-1,-1,-1,-1,Computer Science,Yes,Yes,No,No,No,Yes,No,No,Yes,No,No,Yes,No,No,No,Yes,No,No,No,No,No,First Choice,,,Man,White/Caucasian,18 and younger
18,2024/09/10 3:11:07 PM AST,CMP 128 Computer Science I,Yes,No,No,No,Yes,No,No,No,No,No,No,No,No,No,-1,-1,-1,0,-1,-1,-1,-1,-1,-1,-1,-1,-1,-1,-1,-1,No,No,No,No,No,No,No,No,No,No,No,Yes,No,No,No,No,-1,-1,-1,-1,-1,-1,-1,-1,-1,-1,-1,-1,-1,-1,Mechanical Engineering,,,,,,,,,,,,,,,,,,,,,,,5,Strengthen my skills,Man,Black/African American,35-64
19,2024/09/10 3:15:10 PM AST,CMP 128 Computer Science I,Yes,No,No,Yes,No,No,No,No,No,Yes,No,No,No,No,1,1,1,0,0,0,1,1,0,0,0,1,1,-1,1,-1,No,No,Yes,No,No,No,No,No,No,No,No,No,No,No,No,No,0,-1,-1,-1,-1,-1,-1,1,1,-1,-1,-1,0,-1,IT,Yes,No,No,No,No,Yes,Yes,Yes,Yes,Yes,Yes,Yes,No,No,Yes,Yes,Yes,No,No,No,No,Cybersecurity,,,Man,Black/African American,21-24
20,2024/09/10 5:17:34 PM AST,CMP 128 Computer Science I,No,No,No,Yes,No,No,No,No,No,No,No,No,No,No,1,1,-1,-1,1,-1,1,-1,-1,-1,-1,-1,-1,-1,1,-1,No,No,No,No,No,No,No,No,No,No,No,No,No,No,No,No,-1,-1,-1,-1,0,-1,-1,-1,-1,-1,-1,-1,-1,1,Computer Science,Yes,Yes,No,Yes,No,Yes,No,No,Yes,Yes,Yes,Yes,No,No,No,Yes,No,No,No,No,No,Data Analytics and Statistics,,,Man,Choose not to reply,18 and younger
21,2024/09/10 5:24:45 PM AST,CMP 128 Computer Science I,Don't recall,Don't recall,Don't recall,Yes,No,Don't recall,No,Yes,No,No,No,No,No,Don't recall,0,1,,,1,,,1,,,,,,1,1,,No,No,Not Sure,No,No,No,No,No,No,No,No,No,No,No,No,No,0,1,0,0,,,,,,,,,,1,Computer Science,Yes,Yes,No,No,No,No,No,No,No,No,No,Yes,No,No,No,Don't recall,No,No,No,No,No,First Choice,,,Woman,Asian;Native Hawaiian/Other Pacific Islander,19-20
22,2024/09/10 7:17:19 PM AST,CMP 128 Computer Science I,No,No,No,No,No,No,Yes,No,No,No,No,No,No,No,0,1,1,,,,,,,,,,,,,,No,No,No,No,No,No,No,No,No,No,No,No,No,No,No,No,,,,,,,,,,,1,,1,,Computer Science,Yes,No,No,Yes,No,Yes,No,No,No,No,No,No,No,No,No,No,Don't recall,No,No,No,No,,,,Man,Hispanic or Latino,25-34
23,2024/09/10 7:17:55 PM AST,CMP 128 Computer Science I,Yes,Yes,Yes,Yes,Yes,No,Yes,Yes,No,No,No,Yes,No,No,1,1,0,0,1,-1,1,-1,-1,0,0,1,-1,-1,,-1,Yes,No,Yes,No,No,No,No,No,No,No,No,No,No,No,No,No,0,0,0,0,0,0,0,0,0,0,0,0,0,0,Technical Studies,No,Yes,No,Yes,Yes,Yes,Yes,No,Yes,Yes,No,Yes,No,Yes,Yes,Yes,Yes,No,No,No,No,Engineering,,,Man,White/Caucasian,25-34
24,2024/09/10 7:18:04 PM AST,CMP 128 Computer Science I,No,No,No,No,No,No,No,Yes,No,No,No,No,No,No,-1,-1,-1,-1,-1,-1,-1,-1,-1,-1,-1,-1,-1,-1,1,1,No,No,Yes,No,No,No,No,No,No,No,No,No,No,No,No,No,-1,-1,-1,-1,-1,-1,1,-1,-1,-1,-1,-1,-1,-1,Non Degree Seeking,,,,,,,,,,,,,,,,,,,,,,,2,I am only taking classes at ccm that will give me credit at the University of Miami. I'm taking these classes as STEM credits because I need a STEM credits at miami.,Man,White/Caucasian,18 and younger
25,2024/09/10 7:18:59 PM AST,CMP 128 Computer Science I,Yes,No,No,Yes,No,No,No,No,No,No,No,No,No,No,1,1,1,1,1,-1,0,1,-1,1,-1,1,1,-1,1,-1,No,No,No,No,No,No,No,No,No,No,No,No,No,No,No,No,0,-1,-1,-1,-1,0,-1,-1,-1,-1,-1,-1,-1,-1,Non Degree Seeking,,,,,,,,,,,,,,,,,,,,,,,3,Computing is a great class just not something I would like to peruse as a career.,Woman,Hispanic or Latino,19-20
26,2024/09/10 7:20:01 PM AST,CMP 128 Computer Science I,No,No,No,No,No,No,No,No,No,No,No,No,No,Yes,1,1,0,-1,-1,-1,0,-1,-1,-1,-1,-1,0,-1,1,-1,No,No,No,No,No,No,No,No,No,No,No,No,No,No,No,Yes,1,,,,0,,,,,,,,,,Computer Science,Yes,No,No,No,No,No,No,No,No,No,No,No,No,No,No,No,No,No,No,No,No,First Choice,,,Man,White/Caucasian,19-20
27,2024/09/10 7:20:25 PM AST,CMP 128 Computer Science I,Yes,No,No,Yes,Yes,No,Yes,Yes,No,No,No,No,No,No,0,1,1,0,0,1,0,1,0,1,0,-1,-1,-1,1,-1,No,No,No,No,No,No,No,No,No,No,No,No,No,No,No,No,0,0,0,0,-1,-1,-1,-1,-1,-1,-1,-1,-1,-1,Mechanical Engineering,,,,,,,,,,,,,,,,,,,,,,,4,"It’s something I’m not very familiar with, but I would definitely want to learn more ",Man,Hispanic or Latino,25-34
28,2024/09/10 7:20:36 PM AST,CMP 128 Computer Science I,No,Yes,No,Yes,Yes,Yes,No,No,No,No,No,No,No,No,0,1,1,1,0,0,1,1,1,-1,1,-1,-1,0,1,,No,No,Yes,No,No,No,No,No,No,No,No,No,No,No,No,No,1,1,1,0,0,0,0,-1,0,-1,1,-1,1,1,Computer Science,No,Yes,No,Yes,No,Yes,No,No,Yes,Yes,Yes,Yes,No,No,Yes,Yes,Yes,No,No,No,No,First Choice,,,Man,Hispanic or Latino,21-24
29,2024/09/10 7:24:54 PM AST,CMP 128 Computer Science I,Yes,No,Yes,Yes,Yes,No,Yes,Yes,No,No,No,No,No,Don't recall,0,1,0,0,-1,-1,-1,-1,0,-1,0,1,0,-1,1,-1,No,No,No,Yes,No,No,No,No,Not Sure,No,No,No,No,No,No,No,1,0,1,1,0,1,-1,0,0,-1,0,0,-1,-1,Computer Science,Yes,Yes,No,Yes,No,Yes,Yes,No,Yes,Yes,No,No,Yes,Yes,Yes,Yes,Yes,No,No,No,No,First Choice,,,Man,Asian,19-20
30,2024/09/10 7:37:14 PM AST,CMP 120 Foundations of Information Security,No,No,No,Yes,No,Yes,Yes,Yes,No,No,No,No,No,No,0,0,-1,-1,1,-1,0,-1,-1,-1,-1,-1,-1,-1,1,-1,No,Yes,No,No,No,No,No,No,No,Yes,No,No,No,No,No,No,1,1,1,-1,-1,1,-1,1,1,-1,-1,-1,-1,-1,Computer Science,Yes,Yes,No,Yes,No,No,No,No,No,No,No,No,No,No,No,No,No,No,No,No,No,First Choice,,,Man,Asian,18 and younger
31,2024/09/10 7:38:34 PM AST,CMP 120 Foundations of Information Security,No,No,No,Yes,Yes,Yes,Yes,Yes,No,No,No,No,No,No,1,1,0,0,0,,0,1,1,0,-1,-1,-1,,1,0,No,No,No,No,No,No,No,No,No,No,No,No,No,No,No,No,1,0,,,,1,,0,1,0,,,,,Computer Science,Yes,Yes,No,Yes,No,Yes,No,No,No,Yes,No,No,Yes,Yes,No,No,No,No,No,No,No,First Choice,,,Man,Hispanic or Latino,19-20
32,2024/09/10 7:38:39 PM AST,CMP 120 Foundations of Information Security,No,No,No,No,Yes,Don't recall,Yes,Yes,No,No,No,No,No,No,1,-1,-1,-1,-1,-1,1,1,-1,0,,,,,1,,No,No,No,No,No,No,No,No,No,No,No,No,No,No,No,No,-1,-1,-1,-1,-1,-1,-1,0,0,-1,-1,0,1,-1,Computer Science,Yes,Yes,No,Yes,Yes,Yes,Yes,No,No,No,Yes,Yes,No,No,No,No,No,No,No,No,No,First Choice,,,Man,Hispanic or Latino;White/Caucasian,19-20
33,2024/09/10 7:38:52 PM AST,CMP 120 Foundations of Information Security,Yes,Yes,No,Yes,Yes,Yes,Yes,No,No,Yes,Yes,No,No,No,1,1,1,1,-1,-1,1,0,0,1,,,,,1,,No,No,No,No,No,No,No,No,No,No,No,No,No,No,No,No,1,-1,-1,-1,0,-1,-1,-1,-1,-1,-1,-1,-1,-1,IT,Yes,Yes,No,Yes,Yes,Yes,No,No,Yes,Yes,Yes,Yes,No,No,Yes,No,No,No,No,No,No,Nursing,,,Woman,Hispanic or Latino,25-34
34,2024/09/10 7:39:17 PM AST,CMP 120 Foundations of Information Security,No,No,No,Yes,No,No,No,No,No,No,No,No,No,No,1,1,1,-1,-1,-1,1,-1,-1,-1,-1,-1,-1,-1,1,-1,No,No,Yes,Yes,No,No,No,No,No,No,No,Yes,No,No,No,No,-1,-1,-1,-1,-1,-1,-1,1,1,-1,-1,-1,-1,-1,IT,Yes,Yes,No,No,No,No,No,No,No,No,No,No,No,No,Yes,Yes,No,No,No,No,No,First Choice,,,Man,Hispanic or Latino,21-24
35,2024/09/10 7:39:31 PM AST,CMP 120 Foundations of Information Security,Yes,No,No,Yes,No,Yes,No,Yes,No,No,Yes,No,No,Don't recall,1,1,0,,-1,0,1,,1,1,-1,1,-1,,1,,No,Yes,No,No,No,No,No,No,No,Yes,Yes,No,Not Sure,No,No,No,0,0,0,,-1,,,,,,0,,0,1,IT,Yes,Yes,No,Yes,Yes,Yes,Yes,Yes,Yes,Yes,Yes,Yes,No,No,Yes,No,No,No,No,No,Yes,Engineering,,,Man,Hispanic or Latino;White/Caucasian,19-20
36,2024/09/10 7:39:31 PM AST,CMP 120 Foundations of Information Security,No,No,No,No,No,No,Yes,Yes,No,No,No,No,No,No,1,1,0,0,0,0,0,0,0,-1,-1,-1,-1,-1,1,-1,No,No,No,No,No,No,No,No,No,No,No,No,No,No,No,No,0,-1,-1,-1,-1,-1,-1,0,-1,0,-1,-1,0,0,Computer Science,Yes,No,No,Yes,No,No,No,No,No,No,Yes,Yes,Yes,Yes,Yes,No,No,No,No,No,No,Business,,,Man,Black/African American,19-20
37,2024/09/10 7:39:36 PM AST,CMP 120 Foundations of Information Security,No,No,No,No,No,Yes,No,No,No,No,No,No,No,Yes,1,1,1,0,0,1,1,1,1,0,-1,-1,-1,-1,1,-1,Yes,No,No,Yes,No,No,No,No,No,No,No,Yes,No,No,No,No,-1,-1,-1,-1,-1,-1,-1,-1,-1,-1,1,-1,-1,1,Computer Science,Yes,Yes,No,No,No,Yes,No,No,Yes,No,Yes,Yes,Don't recall,Don't recall,Yes,Yes,No,No,No,No,No,First Choice,,,Man,Black/African American,25-34
38,2024/09/10 7:40:10 PM AST,CMP 128 Computer Science I,No,No,No,Yes,No,No,No,Yes,No,No,No,No,No,No,1,0,0,-1,-1,-1,0,0,0,0,0,-1,-1,-1,1,-1,No,Yes,No,No,No,No,No,No,No,No,No,No,No,No,No,No,1,-1,,,,1,,0,,0,,,,,Computer Science,Yes,Yes,No,Yes,Yes,Yes,No,No,No,No,Yes,Yes,Don't recall,Don't recall,No,Yes,No,No,No,No,No,First Choice,,,Man,Hispanic or Latino,18 and younger
39,2024/09/10 9:30:31 PM AST,CMP 131 Fundamentals of Programming (Python),Don't recall,Don't recall,Don't recall,Yes,Yes,Don't recall,Don't recall,Don't recall,Don't recall,Don't recall,Don't recall,Don't recall,Don't recall,Don't recall,0,1,-1,-1,-1,-1,-1,1,-1,-1,-1,-1,-1,-1,-1,-1,No,No,No,No,No,No,No,No,No,No,No,No,No,No,No,No,-1,-1,-1,-1,-1,-1,-1,0,-1,-1,-1,-1,-1,-1,IT,Yes,Yes,No,Yes,Yes,Yes,Yes,Yes,Yes,Yes,Yes,Yes,No,No,No,Yes,Yes,No,No,No,Don't recall,Computer science,,,Man,Hispanic or Latino,25-34
40,2024/09/11 9:23:56 AM AST,CMP 131 Fundamentals of Programming (Python),Yes,No,No,Yes,Yes,No,No,No,No,No,No,No,No,No,1,1,1,1,,,1,1,1,-1,0,,,,1,1,No,No,No,No,No,No,No,No,No,No,No,No,No,No,No,No,,,,,,,,0,,,,1,0,,Computer Science,Yes,Yes,No,Yes,Yes,Yes,No,No,No,Yes,Yes,Yes,No,No,Yes,Yes,No,No,No,No,No,Nursing/Radiology,,,Woman,Asian,25-34
41,2024/09/11 2:03:49 PM AST,CMP 130 Intro to IT,No,No,No,Yes,Yes,No,No,No,No,No,No,No,No,No,1,1,0,0,1,-1,0,0,-1,-1,-1,1,-1,-1,1,-1,No,No,No,No,No,No,No,No,No,No,No,No,No,No,No,No,0,-1,-1,-1,-1,1,-1,1,-1,-1,-1,1,-1,-1,IT,Yes,No,No,Yes,Yes,No,No,No,No,Yes,No,Yes,No,No,No,No,No,No,No,No,No,First Choice,,,Man,Hispanic or Latino,19-20
42,2024/09/11 2:07:35 PM AST,CMP 128 Computer Science I,No,No,No,No,No,No,No,No,No,No,No,No,No,Yes,-1,-1,-1,-1,-1,-1,-1,-1,-1,-1,-1,-1,-1,-1,-1,-1,Yes,No,Not Sure,No,Yes,No,Not Sure,No,Yes,No,Not Sure,No,No,No,No,No,-1,0,-1,-1,0,0,0,0,0,-1,1,0,0,1,Information Security,,,,,,,,,,,,,,,,,,,,,,,5,I think its extremely interested,Man,Hispanic or Latino,18 and younger
43,2024/09/11 2:08:02 PM AST,CMP 128 Computer Science I,No,No,No,Yes,Yes,Yes,No,No,No,No,No,No,No,No,,,,,,,,,,,,,,,,1,No,No,No,No,No,No,No,No,No,No,No,No,No,No,No,No,,,,,,,1,,,,,,,,ShareTime CSIP Program,No,No,Yes,No,No,No,No,No,No,No,No,No,No,No,No,No,No,No,No,No,No,First Choice,,,Woman,Hispanic or Latino,18 and younger
44,2024/09/11 2:08:24 PM AST,CMP 128 Computer Science I,No,No,No,No,No,No,Yes,Yes,No,No,No,No,No,No,-1,1,-1,-1,-1,-1,-1,-1,1,-1,-1,-1,-1,-1,-1,1,No,No,No,No,No,No,No,No,Yes,No,No,No,No,No,No,No,-1,-1,-1,-1,-1,1,-1,-1,-1,1,-1,-1,-1,-1,Information Security,,,,,,,,,,,,,,,,,,,,,,,4,Because I need to take more classes.,Woman,Hispanic or Latino,18 and younger
45,2024/09/11 2:08:25 PM AST,CMP 128 Computer Science I,Yes,No,No,No,No,No,Yes,No,No,No,No,No,No,No,1,-1,1,-1,-1,-1,-1,-1,-1,-1,-1,-1,-1,-1,-1,1,No,No,No,No,No,No,No,No,No,No,No,No,No,No,No,No,0,0,-1,-1,-1,-1,-1,0,0,-1,-1,-1,-1,1,IT,Yes,Yes,No,Yes,No,Yes,No,No,No,Yes,No,Yes,No,No,No,No,No,No,No,No,No,Science,,,Man,Asian,18 and younger
46,2024/09/11 2:08:51 PM AST,CMP 128 Computer Science I,No,No,No,Yes,No,No,No,No,No,No,No,No,No,No,,,1,,,,0,,,,,,,1,1,1,No,No,No,No,No,No,No,No,No,No,No,No,No,No,No,No,-1,0,-1,-1,-1,-1,1,-1,-1,-1,-1,-1,-1,-1,ShareTime CSIP Program,Yes,Yes,Yes,Yes,No,Yes,No,No,No,Yes,No,Yes,No,No,No,No,No,No,No,No,No,First Choice,,,Man,White/Caucasian,18 and younger
47,2024/09/11 2:08:53 PM AST,CMP 128 Computer Science I,Yes,No,No,Yes,Yes,No,Yes,Yes,No,No,No,No,No,No,-1,-1,-1,-1,-1,-1,-1,-1,-1,-1,-1,-1,-1,-1,-1,-1,No,No,No,No,No,No,Yes,Yes,Yes,No,No,No,No,No,No,No,-1,-1,-1,-1,-1,0,0,-1,0,-1,0,0,0,0,IT,Yes,Yes,Yes,Yes,Yes,Yes,Yes,Yes,Yes,Yes,Yes,Yes,Yes,Yes,Yes,Yes,Yes,Yes,Yes,Yes,No,First Choice,,,Man,Black/African American,18 and younger
48,2024/09/11 2:08:59 PM AST,CMP 128 Computer Science I,No,No,No,Yes,Yes,Yes,Yes,No,No,No,No,No,No,No,-1,1,1,-1,0,0,-1,-1,-1,-1,0,-1,-1,-1,1,1,No,No,No,No,No,No,Yes,Yes,No,No,No,No,No,No,No,No,,,0,-1,-1,-1,0,0,0,0,-1,-1,-1,-1,ShareTime CSIP Program,Yes,Yes,Yes,No,No,No,No,No,No,Yes,No,Yes,No,Yes,No,No,No,No,No,No,Yes,First Choice,,,Woman,Asian,18 and younger
49,2024/09/11 2:09:08 PM AST,,No,No,No,No,No,No,No,Yes,No,No,No,No,No,Yes,-1,-1,0,-1,-1,-1,-1,-1,1,-1,-1,-1,-1,-1,-1,1,No,No,No,No,No,No,Yes,No,No,No,No,No,No,No,No,No,-1,-1,-1,-1,-1,-1,-1,-1,-1,-1,-1,-1,-1,-1,ShareTime CSIP Program,Yes,No,Yes,No,No,No,No,No,No,No,No,No,Yes,No,No,No,No,No,No,No,No,First Choice,,,Man,White/Caucasian,18 and younger
50,2024/09/11 2:09:21 PM AST,CMP 128 Computer Science I,No,No,No,No,No,No,Yes,No,No,No,No,No,No,Yes,-1,-1,0,-1,-1,-1,-1,-1,0,-1,-1,-1,-1,-1,-1,-1,Not Sure,Not Sure,Not Sure,Not Sure,Not Sure,Not Sure,Yes,Yes,Not Sure,Not Sure,Not Sure,Not Sure,Not Sure,Not Sure,Yes,Not Sure,-1,-1,-1,-1,-1,-1,-1,-1,-1,-1,-1,-1,-1,-1,Challenger Program,Yes,Yes,Yes,Yes,No,No,No,No,No,No,No,No,No,No,No,No,No,No,No,No,No,Business,,,Woman,White/Caucasian,18 and younger
51,2024/09/11 2:09:34 PM AST,CMP 128 Computer Science I,Yes,No,No,Yes,Yes,No,Yes,Yes,No,No,No,No,No,Don't recall,0,1,1,0,-1,,0,0,0,1,,,,,1,1,No,No,No,No,No,No,No,No,Yes,No,No,No,No,No,No,No,0,1,,,,,1,-1,,0,,,,,Computer Science,Yes,Yes,Yes,Yes,No,Yes,No,No,Yes,Yes,Yes,No,Yes,Yes,No,No,No,No,No,Yes,Don't recall,First Choice,,,Man,Hispanic or Latino,18 and younger
52,2024/09/11 2:09:49 PM AST,CMP 128 Computer Science I,No,No,No,Yes,No,No,No,No,No,No,No,No,No,No,,-1,-1,-1,-1,-1,-1,,1,-1,-1,-1,-1,-1,0,1,No,No,No,No,No,No,Yes,No,No,No,No,No,No,No,No,No,0,0,0,-1,-1,-1,-1,-1,-1,0,-1,-1,-1,-1,IT,Yes,No,No,No,No,No,No,No,No,No,No,No,No,No,No,No,Yes,Yes,Yes,No,No,Science,,,Man,White/Caucasian,18 and younger
53,2024/09/11 2:10:07 PM AST,CMP 128 Computer Science I,No,No,No,No,No,No,Yes,Yes,No,No,No,No,No,No,-1,0,1,-1,-1,-1,-1,-1,1,-1,-1,,,,,1,No,No,No,No,No,No,Yes,No,Yes,Yes,No,No,No,No,No,No,0,0,1,-1,-1,,-1,-1,0,0,-1,-1,-1,-1,ShareTime CSIP Program,Yes,Yes,Yes,Yes,Yes,Yes,No,No,Yes,No,No,No,Yes,Yes,No,No,No,No,No,No,No,First Choice,,,Man,Hispanic or Latino,18 and younger
54,2024/09/11 2:10:12 PM AST,CMP 128 Computer Science I,No,No,No,Yes,No,No,No,Yes,No,No,No,No,No,Yes,-1,-1,-1,-1,-1,-1,0,-1,0,-1,-1,-1,-1,-1,0,1,No,No,No,No,No,No,No,No,No,No,No,No,No,No,No,No,-1,-1,-1,-1,-1,-1,-1,-1,-1,-1,-1,-1,-1,-1,ShareTime CSIP Program,No,No,No,No,No,No,No,No,No,No,No,No,Don't recall,Don't recall,Don't recall,Don't recall,Don't recall,Don't recall,Don't recall,Don't recall,Don't recall,Business,,,Man,White/Caucasian,18 and younger
55,2024/09/11 2:10:13 PM AST,CMP 128 Computer Science I,No,No,No,No,No,No,No,Yes,No,No,No,No,No,No,-1,-1,-1,-1,-1,-1,0,-1,1,-1,-1,0,-1,-1,0,1,No,No,No,No,No,No,Yes,No,No,No,No,No,No,No,No,No,-1,-1,-1,-1,-1,-1,-1,-1,-1,0,-1,0,-1,-1,ShareTime CSIP Program,Yes,Yes,Yes,Yes,No,No,No,No,No,No,No,No,Yes,No,No,No,No,No,No,No,No,First Choice,,,Man,White/Caucasian,18 and younger
56,2024/09/11 2:10:39 PM AST,CMP 128 Computer Science I,No,No,No,Yes,Yes,No,No,No,No,No,No,No,No,No,-1,-1,1,-1,1,-1,-1,-1,-1,-1,-1,-1,-1,-1,1,1,No,No,No,No,No,No,Yes,No,No,No,No,No,No,No,No,No,1,0,-1,0,-1,-1,-1,1,1,0,-1,0,-1,-1,IT,Yes,No,Yes,Yes,No,Yes,No,No,No,Yes,No,No,Yes,Yes,No,No,No,No,No,No,No,First Choice,,,Man,White/Caucasian,18 and younger
57,2024/09/11 2:11:50 PM AST,CMP 128 Computer Science I,No,No,No,No,No,No,Yes,Yes,No,No,No,No,No,Yes,-1,-1,1,-1,-1,-1,-1,-1,1,-1,-1,-1,-1,-1,1,1,No,No,No,No,No,No,Yes,No,No,No,No,No,No,No,No,No,,,,,,,1,,,1,,,,,ShareTime CSIP Program,Yes,Yes,Yes,No,No,No,No,No,No,No,No,No,Yes,Yes,No,No,No,No,No,No,No,,,,Man,American Indian/Native American/Alaska Native;White/Caucasian,18 and younger
58,2024/09/11 2:13:37 PM AST,CMP 128 Computer Science I,Yes,No,No,Yes,No,No,Yes,Yes,No,No,No,Yes,No,No,0,1,1,0,0,0,0,0,1,0,0,0,0,1,0,0,Yes,No,Yes,No,No,No,No,No,Yes,No,No,No,No,No,No,No,1,1,1,1,1,-1,1,-1,-1,-1,-1,-1,-1,-1,IT,Yes,Yes,Yes,No,No,No,No,No,No,Yes,No,No,Yes,Yes,No,No,No,No,No,No,No,First Choice,,,Woman,Choose not to reply,18 and younger
59,2024/09/11 2:17:55 PM AST,CMP 128 Computer Science I,No,No,No,Yes,Yes,Yes,No,No,No,No,No,No,No,No,1,1,1,-1,1,-1,-1,-1,-1,-1,-1,1,-1,-1,1,-1,No,No,No,No,No,No,No,No,No,No,No,No,No,No,No,No,1,1,-1,-1,-1,1,1,0,0,1,-1,-1,-1,-1,Computer Science,Yes,Yes,No,Yes,No,Yes,No,No,No,No,No,No,No,No,No,No,No,No,No,No,No,First Choice,,,Man,Choose not to reply,18 and younger
60,2024/09/11 2:18:07 PM AST,CMP 128 Computer Science I,Yes,Yes,No,No,No,No,Yes,Yes,No,No,No,No,No,No,0,1,1,,,,0,,,0,,,,,,1,No,No,No,No,No,No,No,Yes,No,No,No,No,No,No,No,No,1,-1,-1,-1,-1,1,-1,1,1,1,-1,-1,-1,-1,Challenger Program,Yes,Yes,Yes,No,No,Yes,No,No,No,No,No,No,No,No,No,No,No,No,No,No,No,First Choice,,,Woman,Asian,18 and younger
61,2024/09/11 2:18:23 PM AST,CMP 128 Computer Science I,No,No,No,Yes,Yes,No,Yes,Yes,No,No,No,No,No,No,1,1,,,,,,,,,,,,,,,No,No,No,Not Sure,Not Sure,Not Sure,Not Sure,Not Sure,Not Sure,Not Sure,Not Sure,Not Sure,Not Sure,Not Sure,Not Sure,Not Sure,-1,0,0,-1,-1,-1,-1,-1,-1,-1,-1,0,0,-1,Computer Science,Yes,No,No,Yes,No,Yes,No,No,Yes,Yes,Yes,Yes,No,No,Yes,Yes,No,No,No,No,No,First Choice,,,Man,Black/African American,18 and younger
62,2024/09/11 2:18:33 PM AST,CMP 128 Computer Science I,No,No,No,No,No,No,No,No,No,No,No,No,No,Yes,0,-1,1,-1,0,-1,-1,-1,-1,-1,-1,-1,-1,-1,1,-1,No,No,No,No,No,No,No,No,No,No,No,No,No,No,No,No,-1,-1,-1,-1,-1,-1,-1,-1,-1,-1,-1,-1,-1,-1,Game Development,No,Yes,No,No,No,No,No,No,No,No,No,Yes,No,No,No,No,No,No,No,No,No,First Choice,,,Man,Hispanic or Latino;White/Caucasian,21-24
63,2024/09/11 2:18:39 PM AST,CMP 128 Computer Science I,Yes,Don't recall,No,No,Yes,No,No,No,No,No,No,No,No,No,1,1,1,1,1,0,-1,-1,-1,0,0,-1,-1,-1,1,-1,No,No,Yes,No,No,No,No,No,No,No,No,No,No,No,No,No,-1,-1,-1,-1,-1,-1,-1,0,0,0,0,-1,-1,-1,Electrical Engineering,,,,,,,,,,,,,,,,,,,,,,,4,I want to learn more about it,Man,White/Caucasian,18 and younger
64,2024/09/11 2:19:20 PM AST,CMP 128 Computer Science I,No,No,No,Yes,No,No,No,No,No,No,No,No,No,No,1,1,1,,,,,1,,,,,,,1,,No,No,No,No,No,No,No,No,No,No,No,No,No,No,No,No,-1,-1,-1,-1,-1,-1,-1,-1,-1,-1,-1,-1,-1,-1,Business Administration,,,,,,,,,,,,,,,,,,,,,,,2,I don't really have a fundamental interest in these courses but the information in CMP 128 is kind of intriguing.,Man,White/Caucasian,19-20
65,2024/09/11 2:19:35 PM AST,CMP 128 Computer Science I,No,No,Yes,No,No,No,Yes,Yes,No,No,No,No,No,No,1,-1,1,-1,-1,1,1,1,1,1,-1,1,-1,-1,1,1,No,No,No,No,No,No,No,No,No,No,Yes,No,No,No,No,No,-1,-1,-1,-1,-1,-1,-1,-1,-1,-1,-1,-1,-1,-1,Mechanical engineering technology,,,,,,,,,,,,,,,,,,,,,,,3,I probably wouldn’t take class if i didn’t need to but it seems interesting so far.,Man,Hispanic or Latino;Black/African American,18 and younger
66,2024/09/11 2:19:39 PM AST,CMP 128 Computer Science I,No,No,No,Yes,No,No,No,No,No,No,No,No,No,No,1,1,1,0,1,-1,1,1,1,-1,-1,1,-1,-1,1,1,Yes,No,Yes,No,No,No,No,No,No,No,No,No,No,No,No,No,0,0,0,0,0,1,0,0,0,0,-1,-1,-1,-1,Computer Science,Yes,Yes,No,No,No,No,No,No,No,No,No,No,No,No,No,Yes,Don't recall,Don't recall,Don't recall,Don't recall,Don't recall,Engineering,,,Man,White/Caucasian,18 and younger
67,2024/09/11 2:19:57 PM AST,CMP 128 Computer Science I,No,No,No,Yes,Yes,No,Yes,No,No,No,No,No,No,No,0,0,0,-1,1,-1,0,-1,-1,-1,-1,-1,-1,-1,1,-1,No,No,No,No,No,No,No,No,No,No,No,No,No,No,No,No,1,1,1,1,-1,1,-1,1,0,1,-1,-1,-1,1,Computer Science,Yes,Yes,No,No,No,No,No,No,Yes,No,No,Yes,No,No,No,No,No,No,No,No,Yes,First Choice,,,Man,Asian,19-20
68,2024/09/11 2:20:20 PM AST,CMP 128 Computer Science I,Yes,No,No,Yes,Don't recall,No,Yes,Yes,No,No,No,No,No,No,0,0,1,-1,0,0,1,1,1,-1,0,0,-1,-1,1,-1,Not Sure,No,No,Yes,No,Yes,No,No,No,Yes,No,Yes,No,No,No,No,0,1,-1,0,0,-1,-1,0,1,-1,-1,-1,-1,-1,Game Development,Yes,Yes,No,Yes,No,Yes,No,No,No,No,Yes,Yes,Yes,No,Yes,Don't recall,Don't recall,No,No,No,No,First Choice,,,Man,Black/African American,18 and younger
69,2024/09/11 2:20:23 PM AST,CMP 128 Computer Science I,Yes,No,No,Yes,No,No,Yes,Yes,No,Yes,No,No,No,No,1,1,1,0,1,1,1,1,,,,1,,,1,1,No,No,Yes,No,No,No,No,No,No,No,No,No,No,No,No,No,,,,,,,,1,,,,,,,Computer Science,Yes,Yes,No,Yes,No,Yes,No,No,Yes,Yes,No,Yes,No,No,Yes,Yes,Yes,Don't recall,Don't recall,No,No,First Choice,,,Man,White/Caucasian,21-24
70,2024/09/11 2:20:59 PM AST,CMP 128 Computer Science I,No,No,Yes,Yes,Yes,No,Yes,Yes,No,No,No,No,No,No,1,1,0,-1,0,-1,-1,1,0,-1,-1,-1,-1,-1,1,-1,Yes,No,No,No,No,No,No,No,No,No,No,No,No,No,No,No,-1,-1,0,-1,-1,-1,-1,-1,-1,-1,-1,-1,-1,1,Electronics Technolgies Engineering,,,,,,,,,,,,,,,,,,,,,,,2,"Im personally someone who likes the more hands on approach of working with things, i feel like i have an easier understanding when i can get my hands on it",Man,Hispanic or Latino;White/Caucasian,19-20
71,2024/09/11 2:21:01 PM AST,CMP 128 Computer Science I,Yes,No,Yes,Yes,No,No,No,Yes,Yes,No,No,No,No,No,0,1,0,-1,1,1,1,1,1,-1,0,-1,-1,-1,1,-1,Yes,No,No,Yes,No,No,No,No,No,Yes,No,Yes,No,No,No,No,0,0,0,,,,1,,1,1,,,0,,Game Development,Yes,Yes,No,Yes,Yes,Yes,No,No,Yes,Yes,Yes,Yes,Yes,No,Yes,Yes,Yes,No,No,No,Don't recall,First Choice,,,Man,Hispanic or Latino;Asian,18 and younger
72,2024/09/11 2:21:39 PM AST,CMP 128 Computer Science I,No,No,No,No,Yes,No,Yes,Yes,No,No,No,No,No,No,,0,0,0,-1,-1,0,,0,-1,-1,-1,-1,-1,1,-1,No,No,No,No,No,No,No,No,No,No,No,No,No,No,No,No,-1,-1,0,-1,-1,-1,-1,0,0,-1,-1,-1,-1,-1,Computer Science,Yes,Yes,No,Yes,No,Yes,No,No,No,Yes,No,No,No,Yes,No,No,No,No,No,No,No,First Choice,,,Man,White/Caucasian,18 and younger
73,2024/09/11 2:24:14 PM AST,CMP 128 Computer Science I,No,No,No,Yes,No,No,No,No,No,No,No,No,No,No,1,1,-1,-1,-1,-1,-1,-1,-1,-1,-1,-1,1,-1,0,-1,Yes,No,Not Sure,Not Sure,No,No,No,No,No,No,No,No,No,No,No,No,1,-1,-1,-1,0,1,-1,0,-1,-1,-1,-1,-1,-1,Computer Science,Yes,No,No,Yes,No,Yes,No,No,No,No,Yes,Yes,No,No,No,Don't recall,Don't recall,No,No,No,Don't recall,Science,,,Man,White/Caucasian,19-20
74,2024/09/11 4:09:16 PM AST,CMP 128 Computer Science I,Yes,Yes,Yes,Yes,Yes,Don't recall,Don't recall,Yes,Don't recall,Don't recall,Don't recall,No,No,No,0,0,0,0,,0,0,0,0,-1,0,,,0,1,,No,No,Yes,No,No,No,No,No,No,No,No,No,No,No,No,No,0,0,0,-1,-1,-1,-1,0,0,-1,-1,0,-1,-1,IT,Yes,Yes,No,Yes,No,No,No,No,Yes,Yes,Yes,Yes,Don't recall,Don't recall,Yes,Don't recall,Don't recall,No,Don't recall,Don't recall,No,First Choice,,,Man,Asian,19-20
75,2024/09/11 4:59:16 PM AST,CMP 131 Fundamentals of Programming (Python),No,No,No,No,No,No,No,No,No,No,No,No,No,Yes,0,0,1,0,-1,0,0,-1,-1,-1,-1,-1,-1,-1,-1,-1,No,No,No,No,No,No,No,No,No,No,No,No,Yes,No,No,No,-1,-1,-1,-1,-1,-1,-1,-1,-1,-1,-1,-1,-1,-1,Non Degree Seeking,,,,,,,,,,,,,,,,,,,,,,,4,also looking to hone my skills,Man,White/Caucasian,25-34
76,2024/09/11 6:42:01 PM AST,CMP 131 Fundamentals of Programming (Python),Don't recall,Don't recall,Don't recall,Don't recall,Don't recall,Don't recall,Don't recall,Yes,Don't recall,Don't recall,Don't recall,Don't recall,Don't recall,Don't recall,0,0,0,0,0,0,0,,,,,,,,0,,No,No,No,No,No,No,No,No,No,No,No,No,No,No,No,No,1,,,,,,,,,,,,,,Data Analytics,,,,,,,,,,,,,,,,,,,,,,,5,I believe learning multiple programming languages would be very useful for my career.,Man,White/Caucasian,18 and younger
77,2024/09/12 10:38:36 AM AST,CMP 128 Computer Science I,Yes,No,No,No,No,No,No,No,No,No,No,No,No,No,-1,-1,-1,0,1,1,1,1,1,1,1,1,1,1,1,1,No,No,Yes,Yes,No,No,No,No,No,No,No,No,No,No,No,No,0,1,1,1,1,1,1,0,0,1,1,1,1,1,Computer Science,Yes,Yes,No,No,No,No,No,No,Yes,No,No,No,No,No,No,No,No,No,No,No,No,LIberal Arts,,,Man,Black/African American,18 and younger
78,2024/09/12 10:38:38 AM AST,CMP 128 Computer Science I,No,No,No,No,No,No,No,No,No,No,No,No,No,Yes,1,0,-1,-1,-1,-1,0,-1,-1,-1,-1,-1,-1,-1,1,-1,Yes,No,No,No,No,No,No,No,No,No,No,No,No,No,No,No,0,-1,-1,-1,-1,-1,-1,-1,-1,-1,-1,-1,-1,1,Business,,,,,,,,,,,,,,,,,,,,,,,3,"I find it interesting however in wouldn't help me with my major
",Man,White/Caucasian,21-24
79,2024/09/12 10:38:40 AM AST,CMP 128 Computer Science I,Yes,No,No,Yes,No,Yes,No,No,No,No,No,No,No,No,1,1,1,1,-1,-1,-1,1,1,0,1,-1,-1,-1,1,-1,No,No,No,No,No,No,No,No,No,No,No,No,No,No,No,No,-1,-1,-1,-1,-1,-1,-1,-1,1,-1,-1,-1,-1,-1,Computer Science,Yes,Yes,No,No,No,No,No,No,No,No,No,No,Don't recall,Don't recall,Don't recall,Don't recall,Don't recall,Don't recall,Don't recall,Don't recall,Don't recall,First Choice,,,Man,Hispanic or Latino,19-20
80,2024/09/12 10:39:06 AM AST,CMP 128 Computer Science I,Yes,No,No,No,No,No,No,No,No,No,No,No,No,Yes,-1,-1,-1,-1,-1,-1,-1,0,0,-1,-1,-1,,,-1,,Not Sure,Not Sure,Not Sure,Not Sure,Not Sure,Not Sure,Not Sure,Not Sure,Not Sure,Not Sure,Not Sure,Not Sure,Yes,Not Sure,Not Sure,Not Sure,-1,-1,-1,-1,-1,-1,-1,1,1,-1,,,,,Computer Science,Yes,Yes,No,Yes,Yes,Yes,Yes,No,No,Yes,No,Yes,No,No,Yes,No,Yes,Yes,Yes,Yes,Yes,First Choice,,,Woman,Hispanic or Latino,25-34
81,2024/09/12 10:39:09 AM AST,CMP 128 Computer Science I,No,No,No,Yes,No,No,No,Yes,No,No,No,No,No,No,1,0,0,-1,-1,-1,0,1,1,-1,-1,-1,-1,-1,-1,-1,Yes,No,No,No,No,No,No,No,No,No,No,Yes,No,No,No,No,1,-1,-1,-1,-1,-1,-1,-1,-1,-1,-1,-1,-1,1,Computer Science,Yes,Yes,No,No,No,Yes,No,No,Yes,No,Yes,Yes,No,No,No,No,Yes,No,No,No,No,First Choice,,,Man,Hispanic or Latino;White/Caucasian,18 and younger
82,2024/09/12 10:39:12 AM AST,CMP 128 Computer Science I,Don't recall,Don't recall,Don't recall,Don't recall,Don't recall,Don't recall,Yes,Yes,Don't recall,Don't recall,Don't recall,Don't recall,Don't recall,Don't recall,,,,,,,,,,,,,,,,1,Not Sure,Not Sure,Not Sure,Not Sure,Not Sure,Not Sure,Not Sure,Not Sure,Not Sure,Not Sure,Not Sure,Not Sure,Not Sure,Not Sure,Not Sure,Not Sure,,,,,,,,0,,,,,,-1,High School,,,,,,,,,,,,,,,,,,,,,,,5,I am interested because I am looking to major in Comp Sci or Cybersecurity when I go to college,Man,American Indian/Native American/Alaska Native,18 and younger
83,2024/09/12 10:39:14 AM AST,CMP 128 Computer Science I,No,No,Yes,Yes,No,Yes,No,No,No,No,Yes,No,No,Don't recall,1,1,-1,-1,-1,-1,0,1,-1,0,-1,-1,-1,-1,0,-1,Yes,No,No,No,No,No,No,No,No,No,No,No,No,No,Yes,No,-1,-1,-1,-1,-1,-1,-1,-1,-1,-1,-1,-1,1,-1,Computer Science,Yes,Yes,No,No,No,No,No,No,No,No,No,Yes,No,No,Yes,No,No,No,No,No,No,Business,,,Man,Hispanic or Latino;White/Caucasian,19-20
84,2024/09/12 10:39:45 AM AST,CMP 128 Computer Science I,Yes,No,No,No,No,No,Yes,Yes,Yes,No,No,No,No,No,1,1,0,-1,-1,-1,-1,0,-1,-1,-1,-1,-1,-1,1,-1,No,No,No,No,No,No,No,No,No,No,No,No,No,No,No,No,-1,-1,0,-1,-1,-1,-1,-1,-1,-1,-1,-1,-1,-1,Mechanical Engineering,,,,,,,,,,,,,,,,,,,,,,,3,idk if i need em,Man,White/Caucasian,19-20
85,2024/09/12 10:40:58 AM AST,CMP 128 Computer Science I,No,No,No,Yes,Yes,Yes,Yes,No,No,No,No,No,No,No,1,-1,1,-1,-1,-1,1,0,-1,-1,-1,-1,-1,-1,1,-1,Yes,No,No,No,No,No,No,No,No,No,No,Yes,No,No,No,No,0,-1,0,-1,-1,0,-1,1,1,-1,0,-1,-1,-1,IT,Yes,Yes,No,Yes,No,Yes,No,No,No,Yes,Yes,Yes,No,No,No,No,No,No,No,No,No,First Choice,,,Man,Choose not to reply,19-20
86,2024/09/12 10:41:41 AM AST,CMP 128 Computer Science I,No,No,No,Yes,No,No,No,Yes,No,No,No,No,No,No,1,0,-1,-1,0,-1,-1,-1,-1,-1,-1,-1,-1,-1,-1,-1,Yes,No,No,Yes,No,No,No,No,No,No,No,No,No,No,No,No,0,-1,-1,-1,-1,0,-1,-1,-1,-1,-1,-1,-1,1,Computer Science,No,No,No,No,No,Yes,No,No,No,No,No,Yes,No,No,No,No,No,No,No,No,No,First Choice,,,Man,White/Caucasian,18 and younger
87,2024/09/12 10:41:58 AM AST,CMP 128 Computer Science I,Yes,Yes,Yes,No,Yes,No,No,No,No,No,No,No,No,Yes,1,1,0,-1,-1,-1,-1,1,1,1,-1,,,,1,1,No,No,No,No,No,No,No,No,No,Yes,Yes,No,No,No,No,No,1,,,,,,1,1,,,,,,1,Computer Science,Yes,Yes,No,Yes,No,Yes,No,No,No,No,Yes,Yes,No,No,No,No,No,No,No,No,Yes,First Choice,,,Woman,Hispanic or Latino,18 and younger
88,2024/09/12 10:42:36 AM AST,CMP 128 Computer Science I,No,No,No,Yes,Yes,No,Yes,Yes,No,No,No,No,No,No,1,1,0,0,1,0,1,0,0,0,0,1,,,1,,No,No,No,No,No,No,No,No,No,No,No,Yes,No,No,No,No,0,,-1,-1,-1,-1,-1,1,0,0,-1,1,-1,-1,Mechanical Engineering,,,,,,,,,,,,,,,,,,,,,,,4,I'm really interested in the topic,Man,Multi-Racial,18 and younger
89,2024/09/12 10:43:34 AM AST,CMP 128 Computer Science I,Yes,No,Yes,Yes,No,Yes,No,Yes,No,No,No,No,No,No,0,1,0,-1,1,-1,-1,1,-1,0,-1,-1,-1,-1,-1,-1,No,No,No,No,No,No,No,No,No,Yes,No,Yes,No,No,No,No,-1,-1,-1,-1,-1,-1,-1,-1,-1,-1,-1,-1,-1,1,Fire Science Technology,,,,,,,,,,,,,,,,,,,,,,,1,it doesn't seem at all fit for the career path that I want to pursue (firefighter),Man,White/Caucasian,19-20
90,2024/09/12 11:28:27 AM AST,CMP 120 Foundations of Information Security,No,No,No,Yes,No,No,Yes,No,No,No,No,No,No,No,1,1,1,1,1,0,-1,-1,-1,-1,-1,-1,-1,-1,0,-1,No,No,Yes,No,No,No,No,No,No,No,No,No,No,No,No,No,0,-1,-1,-1,-1,-1,-1,1,1,0,-1,-1,-1,-1,IT,Yes,Yes,No,No,No,No,No,No,No,No,No,Yes,No,No,No,No,No,No,No,No,Yes,First Choice,,,Man,Choose not to reply,19-20
91,2024/09/12 11:28:58 AM AST,CMP 120 Foundations of Information Security,No,No,No,Yes,No,No,No,No,No,No,No,No,No,No,0,1,1,0,0,-1,0,-1,0,1,0,1,1,-1,1,-1,No,No,No,No,No,No,No,No,No,No,No,No,No,No,No,No,1,-1,1,-1,-1,-1,-1,0,-1,0,-1,-1,1,-1,Undecided,,,,,,,,,,,,,,,,,,,,,,,4,im extremely interested in programming in python but that love of programming isn't transferring well in to java programming,Man,Hispanic or Latino,19-20
92,2024/09/12 11:29:09 AM AST,CMP 120 Foundations of Information Security,Yes,Yes,Yes,Yes,No,No,Yes,Yes,No,No,No,No,No,No,1,1,0,0,0,0,0,0,0,0,-1,-1,-1,-1,1,-1,Yes,No,Yes,No,No,No,Yes,No,No,Yes,No,Yes,No,No,No,No,-1,-1,-1,-1,-1,-1,-1,0,0,-1,-1,-1,-1,1,IT,Yes,Yes,No,Yes,Yes,No,No,No,No,No,No,No,No,No,No,No,No,No,No,No,No,Biology,,,Man,White/Caucasian,19-20
93,2024/09/12 11:29:33 AM AST,CMP 130 Intro to IT,No,No,No,No,No,No,No,Yes,No,No,No,No,No,No,1,1,1,-1,-1,-1,0,1,-1,-1,-1,-1,-1,-1,-1,-1,No,No,No,No,No,No,No,No,No,No,No,No,No,No,No,No,1,1,-1,-1,-1,-1,-1,1,1,-1,-1,-1,-1,1,Information Security,Yes,No,No,No,No,No,No,No,No,No,Yes,No,Yes,Yes,No,No,No,No,No,No,No,First Choice,,,Man,Hispanic or Latino,18 and younger
94,2024/09/12 11:29:50 AM AST,CMP 120 Foundations of Information Security,No,No,No,Yes,Yes,No,Yes,Yes,No,No,No,No,No,No,1,1,1,1,0,0,1,0,-1,0,0,1,-1,-1,1,-1,Yes,No,No,No,No,Yes,No,No,Yes,No,No,Yes,No,No,No,No,-1,-1,-1,-1,-1,-1,-1,0,0,0,-1,1,-1,0,Information Security,Yes,Yes,No,Yes,No,No,No,No,No,No,Yes,Yes,Yes,Yes,Yes,Yes,Yes,No,Don't recall,No,Don't recall,Exercise Science,,,Man,White/Caucasian,18 and younger
95,2024/09/12 11:30:23 AM AST,CMP 120 Foundations of Information Security,Yes,Yes,No,Yes,Yes,Yes,No,Yes,No,No,No,No,No,No,1,-1,1,0,1,0,1,-1,1,1,-1,-1,-1,-1,1,-1,Yes,No,Yes,Yes,No,Yes,No,No,No,No,No,No,No,No,No,No,1,0,-1,-1,-1,-1,-1,-1,0,1,-1,-1,-1,-1,IT,Yes,Yes,No,No,No,No,No,No,No,Yes,Yes,No,No,Yes,Yes,Yes,No,No,No,No,No,First Choice,,,Woman,Hispanic or Latino;White/Caucasian,19-20
96,2024/09/12 11:30:59 AM AST,CMP 120 Foundations of Information Security,Yes,No,No,Yes,Yes,No,No,No,No,No,No,No,No,Yes,0,1,1,0,0,0,0,0,0,1,0,1,-1,-1,0,-1,No,No,No,No,No,No,No,No,No,No,No,No,No,No,No,No,-1,-1,1,0,-1,0,-1,1,-1,-1,-1,-1,-1,-1,IT,Yes,Yes,No,Yes,Yes,Yes,Yes,Yes,Yes,Yes,Yes,Yes,No,No,No,No,No,Don't recall,Yes,No,Yes,First Choice,,,Man,Black/African American,35-64
97,2024/09/12 11:31:25 AM AST,CMP 120 Foundations of Information Security,Yes,Yes,No,Yes,No,No,No,No,No,No,No,No,No,No,0,0,0,-1,0,-1,-1,0,0,-1,-1,-1,-1,-1,-1,-1,Yes,No,No,No,No,No,No,No,No,No,No,No,No,No,No,No,-1,-1,-1,-1,-1,-1,-1,-1,-1,-1,-1,-1,-1,-1,Information Security,Yes,No,No,Yes,No,Yes,No,No,No,No,Yes,Yes,No,No,Yes,Yes,Yes,No,No,No,No,Art,,,Man,Black/African American,19-20
98,2024/09/12 11:32:36 AM AST,CMP 120 Foundations of Information Security,No,Don't recall,Don't recall,Yes,No,No,No,Yes,Don't recall,No,No,No,No,No,-1,1,1,-1,0,-1,0,-1,-1,0,0,,,,1,0,No,No,No,No,No,No,No,No,No,No,No,No,No,No,No,No,-1,-1,-1,-1,-1,-1,-1,-1,-1,-1,-1,-1,-1,0,Business,,,,,,,,,,,,,,,,,,,,,,,3,"I am neutral with interest in computing classes because its just something I have a passion in, i'm not sure if I see a career path with it.",Man,White/Caucasian,19-20
99,2024/09/12 11:34:40 AM AST,CMP 120 Foundations of Information Security,No,No,No,Yes,No,No,No,No,No,No,No,No,No,No,1,1,-1,-1,1,-1,-1,1,,0,-1,-1,-1,,1,,Not Sure,No,Not Sure,No,No,No,No,No,No,No,No,Not Sure,No,No,No,No,-1,-1,-1,-1,-1,-1,-1,0,1,-1,-1,-1,-1,-1,IT,Yes,Yes,No,No,No,No,No,No,No,No,Yes,Yes,No,No,Don't recall,Don't recall,No,No,No,No,Don't recall,First Choice,,,Man,Choose not to reply,21-24
100,2024/09/12 12:35:40 PM AST,CMP 120 Foundations of Information Security,No,No,Yes,Yes,No,Yes,Yes,Yes,No,No,No,No,No,No,1,1,0,-1,0,-1,0,1,-1,-1,-1,-1,-1,-1,1,-1,No,No,No,No,No,No,No,No,No,Yes,Yes,No,No,No,No,No,0,-1,1,-1,-1,-1,-1,1,1,0,-1,-1,-1,1,IT,Yes,No,No,No,No,No,No,No,No,Yes,Yes,Yes,No,No,No,No,No,No,No,No,Yes,First Choice,,,Man,Hispanic or Latino;White/Caucasian,19-20
101,2024/09/12 2:05:37 PM AST,CMP 131 Fundamentals of Programming (Python),No,Yes,No,Yes,No,Yes,No,No,No,No,Yes,Yes,No,No,1,1,1,1,1,,1,,,0,,1,,,1,,Yes,No,No,No,No,No,No,No,Yes,No,No,Yes,No,No,No,No,,,,,,,,1,1,,,,1,,IT,No,Yes,No,No,No,No,No,No,Yes,Yes,No,Yes,No,No,Yes,Yes,Yes,No,No,No,No,Science,,,Man,Hispanic or Latino,35-64
102,2024/09/12 2:06:08 PM AST,CMP 131 Fundamentals of Programming (Python),No,No,No,Yes,Yes,No,No,No,No,Yes,No,No,No,No,1,1,0,-1,1,-1,-1,-1,-1,0,-1,1,0,-1,0,-1,No,No,No,No,No,No,No,No,No,No,No,Yes,No,No,No,No,0,,,,,1,,0,0,-1,-1,-1,-1,,Computer Science,Yes,Yes,No,No,Yes,Yes,No,No,Yes,Yes,No,Yes,No,No,Yes,Yes,Yes,No,No,No,No,Engineering,,,Man,White/Caucasian,21-24
103,2024/09/12 2:08:08 PM AST,CMP 131 Fundamentals of Programming (Python),Yes,Yes,No,Yes,No,No,No,No,Yes,No,Yes,Yes,No,No,1,1,1,1,0,1,1,1,1,1,0,1,1,0,1,0,No,No,No,No,No,No,No,No,No,No,No,No,No,No,No,No,-1,-1,1,-1,-1,-1,-1,1,1,1,-1,-1,-1,-1,IT,Yes,Yes,No,Yes,No,Yes,No,No,No,Yes,Yes,Yes,No,No,Yes,Yes,Yes,No,Yes,No,No,First Choice,,,Woman,Hispanic or Latino,21-24
104,2024/09/12 2:08:34 PM AST,CMP 131 Fundamentals of Programming (Python),Yes,No,No,Yes,No,No,No,No,No,No,No,No,No,No,0,0,1,1,1,-1,1,-1,-1,-1,-1,-1,-1,-1,-1,-1,Yes,Yes,Yes,Yes,Yes,Yes,Yes,Yes,Yes,Yes,Yes,Yes,Yes,Yes,Yes,Yes,-1,-1,-1,-1,-1,-1,-1,-1,-1,-1,-1,-1,-1,-1,Data Analytics,Yes,No,No,Yes,Yes,Yes,Yes,No,Yes,Yes,Yes,Yes,No,No,No,No,No,No,Yes,No,No,First Choice,,,Woman,Black/African American,25-34
105,2024/09/12 2:09:05 PM AST,CMP 131 Fundamentals of Programming (Python),Yes,Yes,No,Yes,Yes,Yes,Yes,Yes,No,No,Yes,No,No,No,1,1,1,1,-1,-1,1,1,1,1,0,1,0,-1,1,-1,No,No,No,No,No,No,No,No,No,No,No,Yes,No,No,No,No,0,0,0,0,-1,-1,-1,0,0,0,0,0,0,-1,Computer Science,Yes,Yes,No,Yes,Yes,Yes,Yes,Yes,Yes,Yes,Yes,Yes,Yes,Yes,Yes,Yes,Yes,No,No,No,No,First Choice,,,Man,White/Caucasian,25-34
106,2024/09/12 2:10:35 PM AST,CMP 131 Fundamentals of Programming (Python),Yes,Yes,Yes,Yes,Yes,Yes,Yes,Yes,No,No,No,No,No,No,1,1,1,1,1,0,1,,,,,,,,1,-1,No,No,No,No,No,No,No,No,No,No,No,No,No,No,No,No,0,,,,,1,,1,1,1,1,1,,,IT,Yes,Yes,Yes,Yes,No,Yes,No,No,Yes,Yes,Yes,Yes,Yes,Yes,No,No,No,Yes,No,No,No,First Choice,,,Man,Asian,19-20
107,2024/09/12 2:25:45 PM AST,CMP 128 Computer Science I,No,No,No,Yes,No,No,Yes,Yes,No,No,No,No,No,No,1,1,0,1,0,-1,0,0,0,-1,0,1,1,-1,1,-1,Yes,Not Sure,Yes,Not Sure,Not Sure,Not Sure,Not Sure,Not Sure,Not Sure,Not Sure,Not Sure,Yes,Not Sure,Not Sure,Not Sure,Not Sure,0,-1,-1,-1,-1,-1,-1,0,0,-1,-1,-1,0,-1,Computer Science,Yes,Yes,No,Yes,Yes,Yes,No,Yes,No,No,Yes,No,No,No,No,No,No,No,No,No,No,LIberal Arts,,,Woman,White/Caucasian,21-24
108,2024/09/12 3:53:36 PM AST,CMP 128 Computer Science I,Yes,No,Yes,Yes,No,No,Yes,Yes,Don't recall,Don't recall,Don't recall,Don't recall,Don't recall,Don't recall,1,1,1,,1,,1,,,0,1,,,,1,,Yes,No,Yes,Not Sure,Not Sure,Not Sure,Not Sure,Not Sure,Not Sure,Yes,Not Sure,Yes,Not Sure,Not Sure,Not Sure,Not Sure,,,,,,1,,1,1,-1,-1,0,,,Computer Science,Yes,Yes,No,No,No,No,No,No,No,No,Yes,Yes,Yes,Yes,Don't recall,Yes,Don't recall,Yes,Don't recall,Don't recall,Don't recall,First Choice,,,Woman,Asian,18 and younger
109,2024/09/12 5:11:15 PM AST,CMP 128 Computer Science I,Yes,No,No,Yes,Yes,No,Yes,Yes,No,No,No,No,No,No,0,0,0,-1,1,-1,1,0,0,-1,-1,0,-1,-1,1,1,No,No,No,No,No,No,No,Yes,No,Yes,No,No,No,No,No,No,-1,-1,-1,-1,-1,-1,-1,0,0,-1,-1,-1,-1,-1,Challenger Program,Yes,Yes,No,Yes,No,No,No,No,No,No,No,Yes,No,No,Yes,Yes,No,No,No,No,No,i’m a senior in high school,,,Man,White/Caucasian,18 and younger
110,2024/09/12 6:28:39 PM AST,CMP 128 Computer Science I,Yes,Yes,Yes,Yes,Yes,Yes,Yes,No,No,No,Yes,No,No,No,1,1,0,0,1,0,0,1,1,1,0,-1,-1,-1,1,-1,No,No,No,No,No,No,No,No,No,No,No,No,No,No,No,No,1,-1,-1,-1,-1,-1,-1,0,0,-1,-1,-1,-1,-1,Chemistry,,,,,,,,,,,,,,,,,,,,,,,4,I find computer classes extremely interesting in my free time. I don't plan on pursuing a career in the computer industry.,Woman,Asian,19-20
111,2024/09/12 8:50:38 PM AST,CMP 128 Computer Science I,No,No,No,Yes,No,No,Yes,Yes,No,No,No,No,No,No,1,1,0,-1,0,-1,-1,0,0,1,0,1,,-1,1,,Yes,No,No,No,No,No,No,No,No,Yes,No,No,No,No,Yes,No,1,,0,,,,,,,,,,,,Graphic Design,,,,,,,,,,,,,,,,,,,,,,,5,The class I'm in now is challenging but fun. Learning more about programming and how computers process information made me develop an interest and led me to considering on changing my major.,Woman,Hispanic or Latino,18 and younger
112,2024/09/12 9:22:30 PM AST,CMP 239 Internet & Web Page Design,Don't recall,Don't recall,Don't recall,Don't recall,Don't recall,Don't recall,Don't recall,Don't recall,Don't recall,Don't recall,Don't recall,Don't recall,Don't recall,Yes,0,0,1,,,,,,,0,,1,0,,0,,No,No,Yes,No,No,No,No,No,Yes,No,No,No,No,No,Yes,No,0,0,-1,0,-1,0,-1,0,0,-1,-1,-1,0,0,Digital Media Technology,Yes,Yes,No,Yes,No,No,No,No,No,No,No,Yes,No,No,No,No,No,No,No,No,No,First Choice,,,Man,White/Caucasian,21-24
113,2024/09/12 9:22:34 PM AST,CMP 239 Internet & Web Page Design,Yes,No,No,Yes,No,No,No,No,No,No,No,No,No,No,0,0,0,0,0,0,0,0,0,0,0,0,0,0,0,0,No,No,No,No,No,No,No,No,No,No,No,No,No,No,No,No,-1,-1,-1,-1,-1,-1,-1,-1,-1,-1,-1,-1,-1,0,Business,,,,,,,,,,,,,,,,,,,,,,,2,not something i am interested in,Man,White/Caucasian,35-64
114,2024/09/12 9:22:44 PM AST,CMP 239 Internet & Web Page Design,No,No,No,Yes,No,Yes,No,No,No,No,No,No,No,No,0,-1,0,-1,1,-1,-1,-1,-1,-1,-1,-1,-1,-1,1,-1,No,No,No,No,No,No,No,No,No,No,No,No,No,No,No,No,-1,-1,-1,-1,-1,-1,-1,-1,-1,-1,-1,-1,-1,-1,Business,,,,,,,,,,,,,,,,,,,,,,,1,I was never really into computing.,Man,White/Caucasian,21-24
115,2024/09/12 9:23:18 PM AST,CMP 239 Internet & Web Page Design,No,No,No,Yes,Yes,No,No,No,No,No,No,No,No,No,0,1,-1,0,0,0,0,-1,-1,1,0,,,,,,No,No,No,No,No,No,No,No,No,No,No,No,No,No,No,No,,,,,,,,,,,,-1,,,Business,,,,,,,,,,,,,,,,,,,,,,,4,I am been learning new things,Woman,Hispanic or Latino,21-24
116,2024/09/12 9:23:56 PM AST,CMP 239 Internet & Web Page Design,No,No,No,No,Yes,Yes,No,No,No,No,No,No,No,No,1,1,1,-1,1,0,0,0,-1,0,0,0,1,0,1,-1,Yes,Yes,Not Sure,Not Sure,Not Sure,Not Sure,Not Sure,Not Sure,Not Sure,Not Sure,Not Sure,Not Sure,Not Sure,Not Sure,Not Sure,Not Sure,0,0,0,0,0,0,0,0,0,0,0,0,0,-1,Graphic Design,,,,,,,,,,,,,,,,,,,,,,,4,"it is far more technical than boring, i assumed the latter",Prefer not to say,American Indian/Native American/Alaska Native,21-24
117,2024/09/12 9:24:17 PM AST,CMP 239 Internet & Web Page Design,No,No,No,Yes,No,No,No,No,No,No,No,No,No,No,0,0,0,-1,1,-1,0,0,0,-1,-1,,,,0,-1,No,No,No,No,No,No,No,No,No,No,No,No,No,No,No,No,-1,,0,-1,,,,0,-1,-1,-1,-1,1,1,Digital Media Technology,Yes,No,No,Yes,Yes,Yes,No,No,Yes,No,Yes,Yes,No,No,No,No,No,No,No,No,No,Journalism,,,Man,White/Caucasian,21-24
118,2024/09/12 9:24:28 PM AST,CMP 239 Internet & Web Page Design,Yes,Don't recall,Don't recall,Yes,Yes,Don't recall,Yes,Yes,Don't recall,Don't recall,Don't recall,Don't recall,Don't recall,Don't recall,1,1,1,1,,,1,1,1,,1,1,,,,,Yes,Not Sure,Not Sure,Not Sure,Not Sure,Not Sure,Not Sure,Not Sure,Not Sure,Not Sure,Not Sure,Yes,Not Sure,Not Sure,Not Sure,Not Sure,,,,,,,,1,,,,1,1,,Undecided,,,,,,,,,,,,,,,,,,,,,,,5,because it incorporates in my business class,Man,Hispanic or Latino,19-20
119,2024/09/13 8:24:16 AM AST,CMP 120 Foundations of Information Security,No,No,Yes,Yes,Yes,No,No,Yes,No,No,No,No,No,No,0,-1,1,0,1,0,1,-1,1,-1,0,1,,,1,1,Yes,Not Sure,Not Sure,Not Sure,Not Sure,Yes,Yes,Not Sure,No,Yes,Yes,No,No,No,No,No,1,1,1,1,1,,,1,1,,,1,,,IT,Yes,Yes,No,Yes,No,Yes,Yes,No,Yes,Yes,No,Yes,Yes,Don't recall,Don't recall,Don't recall,Don't recall,Don't recall,Don't recall,Don't recall,Don't recall,Engineering,,,Man,Asian,18 and younger
120,2024/09/13 8:24:30 AM AST,CMP 120 Foundations of Information Security,No,No,No,No,No,No,No,Yes,No,No,No,No,No,No,-1,-1,1,-1,0,-1,-1,-1,0,0,0,-1,-1,-1,1,1,Yes,No,No,No,No,No,No,No,No,No,No,No,No,No,No,No,0,-1,-1,-1,-1,-1,-1,1,-1,0,-1,-1,-1,-1,Undecided,,,,,,,,,,,,,,,,,,,,,,,4,The classes at CCM have been the most engaging and interesting classes I've taken.,Man,White/Caucasian,18 and younger
121,2024/09/13 8:25:50 AM AST,CMP 120 Foundations of Information Security,No,No,No,Yes,No,No,No,No,No,No,No,No,No,No,0,-1,1,,1,,,,1,,,1,,,1,1,No,No,No,No,No,No,No,No,No,No,No,Yes,No,No,No,No,0,0,0,0,0,0,0,1,1,0,,,,,Information Security,,,,,,,,,,,,,,,,,,,,,,,4,after seeing my dad working I had decided to be something in the computer field,Man,Asian,18 and younger
122,2024/09/13 8:26:08 AM AST,CMP 120 Foundations of Information Security,No,No,Don't recall,Yes,No,No,No,Yes,No,No,No,No,No,No,0,-1,0,0,-1,-1,1,0,0,-1,0,1,-1,-1,-1,1,No,No,No,No,No,No,No,No,No,No,No,No,No,No,No,No,0,-1,0,-1,-1,1,-1,0,0,-1,-1,-1,-1,-1,Information Security,Yes,Yes,Yes,Yes,Yes,Yes,No,No,Yes,Yes,Yes,No,Yes,Yes,No,No,No,No,No,No,No,Physical Therapy,,,Man,American Indian/Native American/Alaska Native,18 and younger
123,2024/09/13 8:27:30 AM AST,CMP 120 Foundations of Information Security,Don't recall,Don't recall,Yes,Don't recall,Don't recall,Don't recall,Don't recall,Yes,Don't recall,Don't recall,Don't recall,Don't recall,Don't recall,Don't recall,-1,-1,1,-1,-1,-1,-1,-1,1,1,-1,-1,-1,-1,1,1,No,No,No,No,No,Yes,Yes,No,Yes,Yes,No,No,No,No,No,No,-1,-1,1,-1,-1,-1,1,-1,-1,-1,-1,-1,-1,-1,IT,Yes,Yes,No,No,No,No,No,No,No,Yes,No,No,Don't recall,Don't recall,Don't recall,Don't recall,Don't recall,Don't recall,Don't recall,Don't recall,Don't recall,Engineering,,,Woman,Hispanic or Latino,18 and younger
124,2024/09/13 8:27:37 AM AST,CMP 120 Foundations of Information Security,No,No,No,Yes,No,No,No,No,No,No,No,No,No,No,0,0,1,-1,1,-1,-1,-1,1,0,1,-1,-1,-1,1,1,No,No,No,No,No,No,No,No,No,No,Yes,No,No,No,No,No,-1,-1,-1,-1,-1,-1,-1,1,-1,-1,-1,-1,-1,-1,IT,Yes,Yes,Yes,Yes,No,Yes,No,No,Yes,No,Yes,Yes,No,No,No,No,No,No,No,No,Yes,First Choice,,,Woman,Hispanic or Latino,18 and younger
125,2024/09/13 8:27:54 AM AST,CMP 120 Foundations of Information Security,Don't recall,No,No,Yes,Yes,No,No,No,No,No,No,No,No,No,-1,0,0,-1,0,0,-1,-1,-1,-1,-1,-1,-1,-1,1,1,No,No,No,No,No,No,No,No,No,No,No,Yes,No,No,No,No,-1,-1,0,-1,-1,-1,-1,0,-1,0,-1,0,0,-1,IT,Yes,Yes,Yes,Yes,Yes,Yes,No,No,Yes,Yes,Yes,Yes,Yes,No,Yes,Yes,Yes,No,Yes,Yes,No,I did not change to any other major.,,,Man,White/Caucasian,18 and younger
126,2024/09/13 8:28:23 AM AST,CMP 131 Fundamentals of Programming (Python),No,No,No,No,No,No,No,Yes,No,No,No,No,No,No,-1,-1,1,-1,-1,-1,0,-1,-1,-1,0,-1,-1,-1,-1,-1,No,No,No,No,No,No,No,No,No,No,No,No,No,No,No,Yes,0,-1,-1,-1,-1,-1,-1,-1,0,0,-1,-1,0,-1,Information Security,Yes,No,No,Yes,No,Yes,No,No,No,No,No,No,Yes,No,No,No,No,No,No,No,No,First Choice,,,Man,Hispanic or Latino;Black/African American;White/Caucasian,18 and younger
127,2024/09/13 8:28:33 AM AST,CMP 131 Fundamentals of Programming (Python),No,No,No,No,No,No,No,Yes,No,No,No,No,No,No,1,-1,1,-1,-1,-1,-1,1,1,-1,0,-1,-1,-1,1,1,Yes,No,No,No,No,No,Yes,No,No,Yes,No,No,No,No,No,Yes,-1,-1,-1,-1,-1,-1,-1,-1,-1,-1,-1,-1,-1,-1,Information Security,Yes,Yes,Yes,Yes,No,No,No,No,Yes,Yes,Yes,No,Yes,No,No,No,No,No,No,No,No,First Choice,,,Man,Asian,18 and younger
128,2024/09/13 8:28:49 AM AST,CMP 120 Foundations of Information Security,No,No,No,Yes,No,Yes,No,No,No,No,No,No,No,No,1,0,1,0,0,-1,1,1,1,-1,1,1,-1,-1,1,1,No,No,No,No,No,No,Yes,No,No,No,No,No,No,No,No,No,0,0,-1,-1,-1,-1,-1,-1,-1,-1,-1,0,-1,-1,IT,Yes,Yes,Yes,Yes,No,Yes,No,No,No,Yes,Yes,Yes,Yes,No,Yes,Yes,No,No,No,No,No,Major didn't change,,,Woman,Black/African American,18 and younger
129,2024/09/13 8:30:03 AM AST,CMP 120 Foundations of Information Security,No,No,No,Yes,No,No,Yes,Yes,No,No,No,No,No,No,-1,-1,0,-1,0,-1,-1,-1,0,-1,-1,0,-1,-1,-1,0,No,No,No,No,No,No,No,No,No,No,No,No,No,No,No,No,0,-1,0,-1,-1,0,0,-1,1,-1,-1,-1,-1,-1,Information Security,Yes,Yes,Yes,Yes,Yes,Yes,No,No,Yes,Yes,No,No,Yes,No,No,No,No,No,No,No,No,Science,,,Man,Multi-Racial,18 and younger
130,2024/09/13 8:31:04 AM AST,CMP 120 Foundations of Information Security,No,No,No,Yes,Yes,No,Yes,Yes,No,No,No,No,No,No,1,1,1,0,1,-1,1,1,0,-1,1,1,0,-1,1,1,Not Sure,Not Sure,Not Sure,Not Sure,Not Sure,Not Sure,Not Sure,Not Sure,Not Sure,Not Sure,Not Sure,Not Sure,Not Sure,Not Sure,Not Sure,Not Sure,0,0,0,-1,-1,-1,-1,1,0,1,-1,-1,-1,-1,Computer Science,Yes,No,Yes,No,No,No,No,No,No,No,Yes,No,Yes,No,No,No,No,No,No,No,No,Engineering,,,Man,Hispanic or Latino,18 and younger
131,2024/09/13 8:31:34 AM AST,CMP 131 Fundamentals of Programming (Python),Yes,No,Don't recall,No,Yes,No,Don't recall,No,Yes,No,Don't recall,No,Yes,No,1,,1,0,-1,0,1,,1,0,-1,0,1,,1,0,Yes,No,Not Sure,No,Yes,No,Not Sure,No,Yes,No,Not Sure,No,Yes,No,Not Sure,No,-1,0,1,,1,0,-1,0,1,,1,0,-1,0,Information Security,Yes,Yes,Yes,Yes,Yes,No,No,No,No,No,No,No,Yes,No,Don't recall,No,Yes,No,Don't recall,No,Yes,Engineering,,,Man,Hispanic or Latino;Black/African American,65+
132,2024/09/13 8:35:26 AM AST,CMP 120 Foundations of Information Security,No,No,No,Yes,No,No,No,No,No,No,No,No,No,No,0,-1,0,-1,0,-1,-1,-1,0,0,-1,0,-1,-1,0,0,No,No,Yes,No,No,No,Yes,No,No,No,No,No,No,No,No,No,0,0,-1,-1,-1,-1,-1,0,0,-1,-1,-1,-1,-1,IT,Yes,Yes,Yes,Yes,No,Yes,No,No,Yes,Yes,No,Yes,No,No,Yes,No,No,No,No,No,No,First Choice,,,Woman,Asian,18 and younger
133,2024/09/13 11:57:44 AM AST,CMP 131 Fundamentals of Programming (Python),Yes,Don't recall,Don't recall,Yes,No,No,Yes,Yes,No,No,No,No,No,No,1,1,0,0,0,-1,0,-1,-1,0,-1,1,0,-1,0,1,No,No,No,No,No,No,No,No,No,No,No,No,No,No,No,No,-1,-1,-1,-1,-1,-1,-1,0,0,0,-1,0,-1,-1,Data Analytics,Yes,Yes,No,Yes,Yes,No,No,No,No,No,No,No,Yes,No,No,No,No,No,No,No,No,Science,,,Man,White/Caucasian,19-20
134,2024/09/13 11:58:18 AM AST,CMP 131 Fundamentals of Programming (Python),No,No,No,Yes,Yes,No,Yes,Yes,No,No,No,No,No,No,1,1,0,0,1,,1,0,0,-1,-1,,,,1,1,No,No,Yes,Yes,No,No,No,No,No,Yes,No,Yes,No,No,No,No,0,-1,-1,-1,-1,1,-1,-1,-1,-1,-1,-1,-1,1,Computer Science,Yes,Yes,No,No,No,Yes,No,No,Yes,Yes,No,Yes,No,No,Yes,Yes,Yes,No,No,No,No,,,,Man,Hispanic or Latino,19-20
135,2024/09/13 11:58:25 AM AST,CMP 131 Fundamentals of Programming (Python),Yes,No,Yes,Yes,Yes,Yes,Yes,Yes,Yes,Yes,No,No,No,Yes,1,1,0,0,0,0,1,-1,-1,-1,-1,-1,-1,-1,1,-1,No,No,No,No,No,No,No,No,No,Yes,No,No,No,No,No,No,-1,-1,-1,-1,-1,-1,-1,0,-1,-1,-1,1,-1,-1,Business,,,,,,,,,,,,,,,,,,,,,,,5,I want to puruse this as a career,Man,White/Caucasian,21-24
136,2024/09/13 11:58:49 AM AST,CMP 131 Fundamentals of Programming (Python),Yes,No,No,Yes,No,No,Yes,Yes,No,No,No,No,No,No,-1,-1,1,1,-1,-1,1,-1,-1,1,-1,-1,-1,-1,1,-1,No,Yes,Yes,Yes,No,No,Yes,No,Yes,Yes,No,No,No,No,No,No,1,-1,1,-1,-1,-1,-1,0,0,1,-1,-1,-1,-1,Computer Science,Yes,Yes,No,Yes,Yes,Yes,No,Yes,No,Yes,Yes,Yes,No,No,No,Don't recall,No,No,No,No,No,First Choice,,,Man,Multi-Racial,25-34
137,2024/09/13 11:58:53 AM AST,CMP 131 Fundamentals of Programming (Python),Yes,No,No,Yes,Yes,No,No,No,No,No,No,No,No,No,-1,0,1,1,1,-1,0,-1,-1,-1,-1,1,-1,-1,1,-1,No,No,No,No,Not Sure,No,No,No,No,No,No,No,No,No,No,No,-1,-1,-1,-1,-1,-1,-1,-1,-1,-1,0,-1,1,-1,IT,Yes,Yes,No,Yes,Yes,Yes,No,No,No,Yes,No,Yes,No,No,Yes,Yes,Yes,No,No,No,No,First Choice,,,Man,Hispanic or Latino,25-34
138,2024/09/13 11:59:02 AM AST,CMP 131 Fundamentals of Programming (Python),Yes,Yes,Yes,Yes,Yes,Yes,Yes,Yes,Don't recall,Don't recall,Don't recall,Don't recall,Don't recall,Don't recall,1,1,1,1,-1,0,1,-1,-1,0,0,,1,-1,0,-1,Yes,Not Sure,Not Sure,Not Sure,Not Sure,Not Sure,Not Sure,Not Sure,Not Sure,Yes,Not Sure,Not Sure,Not Sure,Not Sure,Not Sure,Not Sure,-1,-1,0,1,-1,1,-1,-1,-1,-1,-1,-1,-1,-1,Data Analytics,,,,,,,,,,,,,,,,,,,,,,,4,my teacher is great and explains the work in a very intuitive way,Man,White/Caucasian,19-20
139,2024/09/13 11:59:09 AM AST,CMP 131 Fundamentals of Programming (Python),Yes,Don't recall,Don't recall,Don't recall,Don't recall,Don't recall,Don't recall,Don't recall,Don't recall,Don't recall,Don't recall,Don't recall,Don't recall,Don't recall,1,1,1,1,,,,1,1,,,,,,1,,Not Sure,Not Sure,Not Sure,Not Sure,Not Sure,Not Sure,Not Sure,Not Sure,Not Sure,Not Sure,Not Sure,Not Sure,Not Sure,Not Sure,Not Sure,Not Sure,,,,,,,,,,,,,1,1,Data Analytics,Yes,No,No,Yes,Yes,Yes,Yes,Yes,Yes,No,Yes,Yes,No,No,Don't recall,Yes,No,No,No,No,Yes,First Choice,,,Woman,Black/African American,35-64
140,2024/09/13 11:59:13 AM AST,CMP 131 Fundamentals of Programming (Python),Don't recall,Don't recall,Don't recall,Don't recall,Yes,Don't recall,Yes,Yes,Don't recall,Don't recall,Don't recall,Don't recall,Don't recall,Don't recall,1,1,1,1,1,1,0,1,1,0,0,0,0,-1,0,0,No,No,No,No,No,No,No,No,No,No,No,No,No,No,No,No,-1,-1,-1,-1,-1,-1,-1,1,1,-1,-1,1,-1,-1,Computer Science,Yes,Yes,No,No,Yes,Yes,Yes,Yes,Yes,Yes,No,No,Yes,Yes,No,No,No,No,No,No,No,First Choice,,,Man,Hispanic or Latino,19-20
141,2024/09/13 11:59:21 AM AST,CMP 131 Fundamentals of Programming (Python),Yes,Yes,Yes,Yes,Yes,No,No,No,No,No,Yes,No,No,Don't recall,1,1,0,-1,0,0,-1,1,0,1,0,,,,1,,No,No,No,No,No,No,No,No,No,No,No,No,No,No,No,No,0,-1,-1,-1,-1,-1,-1,0,-1,-1,0,-1,0,,Data Analytics,,,,,,,,,,,,,,,,,,,,,,,5,It's very fun and interesting to learn about computing and how to compute and I feel entertained by it and want to learn more about it.,Man,Hispanic or Latino,18 and younger
142,2024/09/13 11:59:40 AM AST,CMP 131 Fundamentals of Programming (Python),Yes,No,No,Yes,No,Yes,No,Yes,No,No,No,No,No,No,1,1,1,1,0,-1,1,1,,0,0,,1,,1,,No,No,No,Yes,No,No,No,No,No,No,No,No,No,No,No,No,-1,-1,-1,-1,-1,-1,-1,-1,-1,-1,-1,-1,0,1,Computer Science,Yes,Yes,No,Yes,Yes,Yes,No,No,Yes,No,Yes,Yes,No,No,Yes,No,No,No,No,No,No,First Choice,,,Man,White/Caucasian,35-64
143,2024/09/13 11:59:56 AM AST,CMP 131 Fundamentals of Programming (Python),No,No,Yes,Yes,Yes,No,Yes,Yes,No,No,No,No,No,No,1,1,0,0,-1,-1,0,0,-1,0,-1,-1,-1,-1,1,-1,No,No,No,No,No,No,No,No,No,No,No,No,No,No,No,No,-1,-1,-1,-1,-1,-1,-1,-1,-1,-1,-1,-1,-1,1,Computer Science,Yes,Yes,No,No,No,No,No,No,No,No,No,No,Yes,No,Yes,No,Don't recall,No,No,No,No,First Choice,,,Man,White/Caucasian,18 and younger
144,2024/09/13 12:00:22 PM AST,CMP 131 Fundamentals of Programming (Python),No,No,Yes,Yes,No,Yes,No,No,No,No,No,No,No,No,0,0,1,1,0,-1,0,-1,0,-1,0,1,1,-1,0,-1,No,No,No,No,No,No,No,No,No,No,No,No,No,No,No,No,-1,-1,-1,-1,-1,-1,-1,0,0,-1,-1,-1,-1,-1,Computer Science,Yes,Yes,No,No,No,No,No,No,No,No,No,No,No,No,No,No,No,No,No,No,No,First Choice,,,Man,White/Caucasian,19-20
145,2024/09/13 12:01:16 PM AST,CMP 131 Fundamentals of Programming (Python),No,No,Yes,Yes,Yes,Yes,Yes,Yes,No,No,No,No,No,Yes,1,0,0,-1,-1,-1,-1,0,-1,-1,-1,0,,,1,1,No,No,Yes,No,No,No,No,No,No,No,Yes,No,No,No,No,No,1,,,,,1,,,,,,,,1,Game Development,Yes,Yes,No,Yes,No,Yes,No,No,Yes,No,No,Yes,Yes,Yes,No,No,Yes,No,No,No,Yes,First Choice,,,Man,Hispanic or Latino;Black/African American;Multi-Racial,18 and younger
146,2024/09/13 12:01:27 PM AST,CMP 131 Fundamentals of Programming (Python),No,Yes,No,Yes,No,No,Yes,Yes,No,No,No,No,No,No,1,1,0,0,1,-1,1,-1,-1,0,-1,-1,-1,-1,1,-1,No,No,No,No,No,Yes,No,No,No,No,No,Yes,No,No,No,No,0,-1,-1,-1,-1,-1,-1,0,0,-1,-1,0,-1,1,Communications,,,,,,,,,,,,,,,,,,,,,,,4,"Currently, I'm definitely interested in more coding and that aspect of Computer science. If I enjoy this class then I will for sure take the next level class of it. The only reason I would say I'm a little hesitant is because of the professors. Some professors just can't teach a class and with something like Computer Science or Network Security I believe that's very important. However, my current professor for this class is excellent and I look forward to the rest of the semester. ",Man,White/Caucasian,19-20
147,2024/09/13 12:01:30 PM AST,CMP 131 Fundamentals of Programming (Python),Yes,Yes,Yes,Yes,Yes,No,Yes,Yes,No,No,No,No,No,No,0,0,1,0,-1,0,1,0,0,1,1,1,-1,-1,1,,Yes,No,No,No,No,No,No,No,No,Yes,No,Yes,No,No,No,No,-1,-1,-1,,,,,,,,,,,,MET,,,,,,,,,,,,,,,,,,,,,,,4,My current professor is helpful and knowledgeable,Man,Hispanic or Latino,25-34
148,2024/09/13 12:01:40 PM AST,CMP 131 Fundamentals of Programming (Python),Yes,No,No,Yes,Yes,Yes,Yes,No,No,No,Yes,No,No,No,1,1,1,0,0,0,0,0,0,0,0,,,0,1,,No,No,No,Yes,No,No,No,No,No,No,No,No,No,No,No,No,0,,,0,,,,0,0,,0,,0,,Computer Science,Yes,Yes,No,Yes,Yes,Yes,No,No,No,Yes,Yes,Yes,Yes,Yes,Yes,Yes,Yes,No,No,No,Don't recall,First Choice,,,Man,Hispanic or Latino;White/Caucasian,21-24
149,2024/09/13 12:04:49 PM AST,CMP 131 Fundamentals of Programming (Python),Yes,Yes,Yes,Yes,Don't recall,Don't recall,Don't recall,Don't recall,Don't recall,No,No,No,No,No,1,1,0,-1,0,-1,0,0,-1,0,-1,-1,-1,-1,-1,-1,No,Yes,Yes,No,No,No,No,No,No,No,No,No,No,No,No,No,-1,-1,-1,0,-1,-1,-1,1,1,-1,-1,-1,-1,-1,Data Analytics,,,,,,,,,,,,,,,,,,,,,,,4,I like computing I think it is fun so I would take it again,Man,White/Caucasian,18 and younger
150,2024/09/13 12:04:51 PM AST,CMP 131 Fundamentals of Programming (Python),Yes,Yes,Yes,Yes,Don't recall,Don't recall,Don't recall,Don't recall,Don't recall,No,No,No,No,No,1,1,0,-1,0,-1,0,0,-1,0,-1,-1,-1,-1,-1,-1,No,Yes,Yes,No,No,No,No,No,No,No,No,No,No,No,No,No,-1,-1,-1,0,-1,-1,-1,1,1,-1,-1,-1,-1,-1,Data Analytics,,,,,,,,,,,,,,,,,,,,,,,4,I like computing I think it is fun so I would take it again,Man,White/Caucasian,18 and younger
151,2024/09/13 12:04:55 PM AST,CMP 131 Fundamentals of Programming (Python),Yes,Yes,Yes,Yes,Don't recall,Don't recall,Don't recall,Don't recall,Don't recall,No,No,No,No,No,1,1,0,-1,0,-1,0,0,-1,0,-1,-1,-1,-1,-1,-1,No,Yes,Yes,No,No,No,No,No,No,No,No,No,No,No,No,No,-1,-1,-1,0,-1,-1,-1,1,1,-1,-1,-1,-1,-1,Data Analytics,,,,,,,,,,,,,,,,,,,,,,,4,I like computing I think it is fun so I would take it again,Man,White/Caucasian,18 and younger
152,2024/09/13 3:43:58 PM AST,CMP 130 Intro to IT,Yes,No,Yes,Yes,Yes,No,Yes,No,No,No,No,No,No,No,1,1,0,0,-1,-1,0,0,1,1,-1,-1,-1,-1,1,-1,Yes,Yes,No,No,No,Yes,No,No,No,No,Yes,No,No,No,No,No,1,1,1,0,-1,1,-1,0,0,0,-1,-1,-1,-1,Computer Science,Yes,Yes,No,Yes,No,Yes,No,No,Yes,No,Yes,Yes,Yes,No,Yes,Yes,Yes,No,No,No,No,First Choice,,,Prefer not to say,Asian,19-20
153,2024/09/14 7:27:21 PM AST,CMP 128 Computer Science I,No,No,No,Yes,No,No,No,No,No,No,No,No,No,No,1,1,0,-1,1,-1,1,-1,-1,-1,-1,-1,-1,-1,1,-1,No,No,No,No,No,No,No,No,No,No,No,No,No,No,No,No,0,-1,-1,-1,-1,-1,-1,0,0,0,-1,-1,-1,1,Computer Science,Yes,No,No,Yes,No,Yes,No,No,No,No,No,Yes,Yes,No,No,No,No,No,No,No,Yes,First Choice,,,Woman,White/Caucasian,19-20
154,2024/09/15 10:47:24 AM AST,CMP 130 Intro to IT,Yes,No,No,Yes,Don't recall,No,Yes,Yes,No,No,No,No,No,Don't recall,1,0,0,-1,1,0,0,0,-1,1,-1,-1,-1,-1,1,-1,Yes,No,Not Sure,No,No,No,No,No,No,Not Sure,Yes,Yes,No,No,No,No,1,0,1,-1,1,-1,-1,1,1,0,-1,-1,-1,-1,Undecided,,,,,,,,,,,,,,,,,,,,,,,3,I am not sure if I want IT to be my career.,Man,Choose not to reply,18 and younger
155,2024/09/15 6:57:51 PM AST,CMP 239 Internet & Web Page Design,Yes,Yes,No,Yes,Yes,Yes,Yes,Yes,No,No,No,No,No,Don't recall,1,1,1,1,-1,0,1,1,,0,1,1,1,,1,,No,No,Not Sure,No,No,Yes,No,No,No,Yes,No,Yes,No,No,No,No,-1,-1,-1,-1,-1,-1,-1,1,0,-1,0,0,-1,,IT,Yes,No,No,Yes,No,Yes,No,No,Yes,No,Yes,Yes,No,No,Yes,Yes,Yes,No,No,No,Don't recall,I have a bachelors in Criminal Justice and came back to add an IT AS and cybersecurity certificate,,,Woman,White/Caucasian,21-24
156,2024/09/15 7:04:13 PM AST,CMP 239 Internet & Web Page Design,Yes,No,Yes,Yes,No,No,No,Yes,No,No,No,No,No,Don't recall,1,0,1,1,,,0,1,,0,1,1,-1,,1,,No,No,No,No,No,No,No,No,No,Yes,No,Yes,No,No,No,No,,,,,,,,1,,,,,,,Information Security,,,,,,,,,,,,,,,,,,,,,,,4,To gain more knowledge and experience before going into the workforce.,Woman,White/Caucasian,21-24
157,2024/09/15 9:42:15 PM AST,CMP 131 Fundamentals of Programming (Python),No,No,No,Yes,No,Yes,No,No,No,No,Yes,Yes,Yes,No,0,1,1,0,-1,-1,0,0,0,0,-1,-1,-1,-1,1,-1,No,No,No,No,No,No,No,No,No,No,No,No,No,No,No,No,0,-1,-1,-1,-1,-1,-1,-1,-1,-1,-1,-1,0,0,Mechanical Engineering,,,,,,,,,,,,,,,,,,,,,,,5,Robotics programming,Man,White/Caucasian,35-64
158,2024/09/16 9:44:01 AM AST,CMP 128 Computer Science I,No,No,No,Yes,Yes,No,No,No,No,No,No,No,No,No,-1,-1,-1,-1,0,-1,-1,-1,-1,1,-1,-1,-1,-1,-1,1,No,No,No,No,No,No,No,No,No,No,No,No,No,No,No,No,0,,,-1,-1,-1,-1,1,1,-1,-1,-1,-1,-1,Undecided,,,,,,,,,,,,,,,,,,,,,,,5,.,Man,White/Caucasian,18 and younger
159,2024/09/16 9:45:10 AM AST,CMP 128 Computer Science I,No,No,Yes,Yes,Yes,Yes,Yes,Yes,No,No,No,No,No,No,1,1,0,-1,1,-1,0,1,1,0,1,1,1,0,1,-1,No,No,No,No,No,No,No,No,No,Yes,No,No,No,No,No,No,0,0,0,-1,-1,-1,-1,0,-1,-1,-1,-1,-1,-1,Mechanical Technology,,,,,,,,,,,,,,,,,,,,,,,3," already have matlab under my belt, id love to know more languages.",Man,White/Caucasian,21-24
160,2024/09/16 9:45:28 AM AST,CMP 128 Computer Science I,No,No,No,Yes,No,No,No,Yes,No,No,No,No,No,No,1,1,0,-1,0,-1,0,0,0,-1,-1,-1,-1,-1,1,-1,No,Yes,No,No,No,No,No,No,No,No,No,No,No,No,No,No,1,-1,-1,-1,-1,1,-1,-1,-1,-1,-1,-1,-1,-1,Computer Science,Yes,Yes,No,No,No,Yes,No,No,No,No,No,Yes,No,No,No,Yes,No,No,No,No,No,First Choice,,,Man,Hispanic or Latino,18 and younger
161,2024/09/16 9:45:40 AM AST,CMP 128 Computer Science I,Yes,No,No,Yes,No,No,No,No,No,No,No,No,No,No,1,1,0,0,0,1,0,0,0,1,0,1,-1,0,1,-1,No,No,No,No,No,No,No,No,No,No,No,No,No,No,No,No,-1,0,-1,0,0,-1,-1,1,1,0,-1,-1,-1,-1,IT,Yes,No,No,Yes,Yes,Yes,No,No,Yes,Yes,Yes,No,No,No,Yes,Yes,No,No,No,No,No,First Choice,,,Man,White/Caucasian,21-24
162,2024/09/16 9:45:52 AM AST,CMP 128 Computer Science I,No,No,No,Yes,Yes,No,Yes,No,No,No,No,No,No,No,1,0,-1,-1,0,-1,-1,0,0,-1,-1,-1,-1,-1,1,-1,No,No,Yes,Yes,No,No,No,No,No,Yes,Yes,Yes,Not Sure,No,No,No,-1,0,0,-1,-1,-1,-1,0,0,1,-1,-1,-1,-1,Computer Science,Yes,Yes,No,Yes,No,No,No,No,Yes,No,Yes,Yes,Yes,No,No,Yes,Yes,No,No,No,No,First Choice,,,Man,Hispanic or Latino;White/Caucasian,18 and younger
163,2024/09/16 9:46:57 AM AST,CMP 128 Computer Science I,No,No,No,No,No,No,No,No,No,No,No,No,No,No,-1,1,0,1,1,1,1,1,0,0,0,1,,,0,0,Yes,No,No,Yes,No,No,No,No,No,No,No,Yes,No,No,No,Yes,,,,,-1,,-1,-1,-1,,,,,,Computer Science,Yes,Yes,No,No,No,No,No,No,Yes,Yes,Yes,No,No,No,No,No,No,No,No,No,No,First Choice,,,Woman,Asian,19-20
164,2024/09/16 9:47:12 AM AST,CMP 128 Computer Science I,Yes,No,No,Yes,No,No,No,Yes,No,No,No,No,No,No,0,0,1,-1,-1,0,-1,0,-1,0,0,-1,,-1,0,-1,No,No,No,No,No,No,No,No,No,No,No,Yes,No,No,No,No,0,1,1,-1,-1,-1,-1,0,-1,0,-1,-1,-1,-1,Mechanical Engineering,,,,,,,,,,,,,,,,,,,,,,,2,I'm just here to further my education and learn more about engineering related fields.,Man,White/Caucasian,18 and younger
165,2024/09/16 9:48:31 AM AST,CMP 128 Computer Science I,No,Don't recall,Yes,Yes,Yes,Don't recall,Yes,Yes,Don't recall,Don't recall,Don't recall,Don't recall,Don't recall,Don't recall,1,1,0,0,-1,0,0,0,-1,-1,1,1,-1,-1,1,0,No,No,No,No,No,No,No,No,No,Yes,No,Yes,No,No,No,No,0,-1,-1,-1,-1,-1,-1,0,1,-1,0,-1,1,,Mechanical Engineering,,,,,,,,,,,,,,,,,,,,,,,3,it would be beneficial as it is undirectly related to my major but i would also like to take more classes that directly relate to my major,Man,Asian;White/Caucasian,18 and younger
166,2024/09/16 9:48:48 AM AST,CMP 128 Computer Science I,Yes,No,No,Yes,Yes,No,Yes,Yes,No,No,No,No,No,No,1,0,0,0,0,-1,0,0,-1,-1,-1,-1,-1,-1,1,-1,No,No,Yes,Yes,No,No,No,No,No,Yes,Yes,Yes,No,No,No,No,0,1,0,-1,-1,-1,-1,0,0,1,-1,-1,-1,-1,Computer Science,Yes,Yes,No,No,No,Yes,No,No,Yes,No,Yes,Yes,Yes,No,No,Yes,Yes,No,No,No,No,First Choice,,,Man,Hispanic or Latino;White/Caucasian,18 and younger
167,2024/09/16 9:49:17 AM AST,CMP 128 Computer Science I,No,No,Yes,No,No,No,No,Yes,No,No,No,No,No,Don't recall,1,0,1,-1,-1,-1,-1,0,-1,-1,-1,-1,-1,-1,-1,-1,No,No,Yes,No,No,Yes,No,No,No,Yes,No,Yes,No,No,No,No,-1,-1,-1,-1,-1,-1,-1,-1,-1,-1,-1,-1,-1,-1,Architecture,,,,,,,,,,,,,,,,,,,,,,,3,I'm somewhat interested though I'm probably not going to take any other computer courses in CCM since I'm going to try to transfer to NJIT.,Man,White/Caucasian,19-20
168,2024/09/16 9:49:23 AM AST,CMP 128 Computer Science I,No,No,No,Yes,No,No,Yes,No,No,No,No,No,No,No,1,1,-1,-1,0,-1,0,1,-1,0,-1,-1,-1,-1,1,-1,Yes,No,Not Sure,No,No,Yes,No,No,No,Yes,No,Yes,No,No,No,No,1,,,,,,,0,,,,,-1,,Computer Science,Yes,Yes,No,No,No,No,No,No,No,No,Yes,No,Yes,Don't recall,Don't recall,Yes,Yes,No,No,No,No,First Choice,,,Man,White/Caucasian,18 and younger
169,2024/09/16 9:50:10 AM AST,CMP 128 Computer Science I,Yes,No,No,Yes,No,No,No,No,No,No,No,No,No,No,0,0,1,-1,0,-1,-1,-1,-1,-1,-1,0,-1,-1,1,-1,No,No,No,No,No,No,No,No,No,No,No,No,No,No,No,No,-1,-1,-1,-1,-1,-1,-1,-1,-1,-1,-1,-1,-1,1,Non Degree Seeking,,,,,,,,,,,,,,,,,,,,,,,4,I think coding can be be interesting but I just am not that good at it,Man,Hispanic or Latino;Black/African American;White/Caucasian;Multi-Racial,19-20
170,2024/09/16 9:50:20 AM AST,CMP 128 Computer Science I,No,No,No,Yes,No,Yes,No,No,No,No,No,No,No,No,1,-1,0,1,0,0,-1,1,0,0,-1,,,,1,,No,No,Yes,Yes,No,No,No,No,No,No,No,Yes,No,No,No,No,0,-1,0,,,0,,,,,,,,1,Mechanical Engineering Technology,,,,,,,,,,,,,,,,,,,,,,,3,"I'm impartial to taking future courses. The reason I'm taking this course is because it is required; I'm not saying i hate it, though. I was in an AP cs course in high school. If I do have to take another computing class I will do so. But not if it was optional.",Man,Hispanic or Latino;White/Caucasian,18 and younger
171,2024/09/16 9:53:49 AM AST,CMP 128 Computer Science I,No,No,Yes,Yes,No,No,No,No,No,No,No,No,No,No,1,1,1,-1,0,-1,0,1,-1,0,-1,,,,1,-1,Yes,No,Not Sure,No,No,Yes,No,No,No,Yes,No,Yes,No,No,No,No,1,-1,-1,-1,-1,-1,-1,0,-1,-1,-1,-1,-1,,Computer Science,Yes,Yes,No,No,No,No,No,No,Yes,No,Yes,No,Don't recall,No,Yes,Yes,Yes,No,No,No,No,First Choice,,,Man,White/Caucasian,18 and younger
172,2024/09/16 9:56:07 AM AST,CMP 128 Computer Science I,Yes,No,No,Yes,No,No,No,No,No,No,No,No,No,No,-1,0,1,-1,0,-1,-1,-1,-1,-1,-1,1,-1,-1,1,-1,No,No,No,No,No,No,No,No,No,No,No,No,No,No,No,No,-1,-1,-1,-1,-1,-1,-1,-1,-1,-1,-1,-1,-1,1,Non Degree Seeking,,,,,,,,,,,,,,,,,,,,,,,4,"Coding can be interesting, I'm just not good at it",Man,Hispanic or Latino;Black/African American;White/Caucasian;Multi-Racial,19-20
173,2024/09/16 9:56:22 AM AST,CMP 128 Computer Science I,No,No,No,Yes,No,Yes,No,No,No,No,No,No,No,No,1,-1,1,1,0,0,-1,1,-1,0,-1,,,,1,,No,No,Yes,Yes,No,No,No,No,No,No,No,No,No,No,No,No,0,-1,0,,,0,,,,,,,,0,Mechanical Engineering Technology,,,,,,,,,,,,,,,,,,,,,,,3,"I am impartial to taking the future courses. If I have to, I will. I won't take any future computing courses if they're optional.",Man,Hispanic or Latino;White/Caucasian,18 and younger
174,2024/09/16 9:58:01 AM AST,CMP 128 Computer Science I,No,No,No,No,Yes,No,Yes,Yes,No,No,No,No,No,No,1,1,0,0,0,1,0,1,0,0,0,0,0,0,0,0,No,No,No,No,No,No,No,No,No,No,Yes,No,No,No,No,No,0,0,0,0,0,-1,-1,-1,-1,1,-1,1,-1,-1,IT,Yes,Yes,No,No,Yes,Yes,Yes,No,No,Yes,Yes,Yes,Yes,No,No,No,No,No,No,No,No,First Choice,,,Man,Hispanic or Latino,19-20
175,2024/09/16 11:01:21 AM AST,CMP 128 Computer Science I,No,No,No,No,No,No,Don't recall,Don't recall,No,No,No,No,No,Yes,1,0,-1,-1,-1,-1,-1,0,0,-1,0,,,,0,,No,No,Yes,No,No,No,No,No,No,No,No,Yes,No,No,No,No,-1,-1,,,,,,,,,,,,,Mechanical Engineering,,,,,,,,,,,,,,,,,,,,,,,3,"Not very interested but it is an important part of my degree, therefore I will get used to it.",Man,Hispanic or Latino;White/Caucasian,21-24
176,2024/09/16 12:44:50 PM AST,CMP 128 Computer Science I,Yes,No,No,Yes,Yes,No,No,No,No,Yes,Yes,No,No,No,1,1,1,1,-1,-1,0,1,1,-1,0,1,-1,-1,1,-1,No,No,Yes,No,No,No,No,No,No,No,No,Yes,No,No,No,No,-1,-1,0,-1,-1,-1,-1,-1,-1,-1,-1,1,0,,Computer Science,Yes,Yes,No,Yes,Yes,Yes,No,No,Yes,Yes,Yes,Yes,No,No,Yes,Yes,No,No,No,No,No,Nursing/Radiology,,,Woman,Asian,25-34
177,2024/09/16 12:48:27 PM AST,CMP 128 Computer Science I,Yes,No,No,Yes,Yes,No,No,No,No,Yes,Yes,No,No,No,1,1,1,1,-1,-1,0,1,1,-1,-1,1,-1,-1,1,-1,No,No,Yes,No,No,No,No,No,No,No,No,Yes,No,No,No,No,-1,-1,0,-1,-1,-1,-1,-1,-1,-1,0,1,0,-1,Computer Science,Yes,Yes,No,Yes,Yes,Yes,No,No,Yes,Yes,Yes,Yes,No,No,Yes,Yes,No,No,No,No,No,Nursing/Radiology,,,Woman,Asian,25-34
178,2024/09/16 1:46:54 PM AST,CMP 128 Computer Science I,Yes,Yes,No,No,No,No,No,No,No,No,No,No,No,No,1,-1,1,1,-1,-1,0,1,1,-1,-1,-1,-1,-1,-1,-1,No,No,No,No,No,No,No,No,No,No,No,No,No,No,No,No,0,0,-1,-1,-1,-1,-1,-1,-1,-1,-1,-1,-1,-1,Web Development,Yes,No,No,Yes,Yes,Yes,No,No,No,No,No,Yes,No,No,Yes,No,No,No,No,No,No,First Choice,,,Man,Hispanic or Latino,19-20
179,2024/09/16 9:28:34 PM AST,CMP 128 Computer Science I,Yes,No,No,No,Yes,No,No,No,No,No,No,No,No,No,1,1,1,1,1,1,1,1,1,1,0,0,-1,-1,1,-1,Yes,No,Yes,Yes,No,No,No,No,No,No,No,No,No,No,No,No,-1,-1,-1,-1,-1,-1,-1,0,-1,-1,-1,-1,-1,0,IT,Yes,Yes,No,Yes,Yes,Yes,Yes,No,Yes,Yes,Yes,Yes,No,No,Yes,Yes,Yes,No,No,No,No,First Choice,,,Man,Hispanic or Latino;Black/African American;Multi-Racial,35-64
180,2024/09/16 9:31:32 PM AST,CMP 128 Computer Science I,Yes,Yes,No,Yes,No,No,No,No,No,No,No,No,No,No,1,1,1,1,1,1,1,1,1,1,0,1,-1,-1,1,-1,Yes,No,Yes,Yes,No,No,No,No,No,No,No,No,No,No,No,No,-1,-1,-1,-1,-1,-1,-1,1,-1,-1,-1,-1,-1,-1,IT,Yes,Yes,No,Yes,Yes,Yes,Yes,No,Yes,Yes,Yes,Yes,No,No,Yes,Yes,Yes,No,No,No,No,First Choice,,,Man,Hispanic or Latino;Black/African American;Multi-Racial,35-64
181,2024/09/17 10:06:33 AM AST,CMP 128 Computer Science I,Yes,Yes,Yes,Yes,Yes,Yes,No,No,No,Yes,Yes,Yes,Yes,Yes,1,1,1,1,1,1,1,0,0,1,1,1,,,1,,No,No,No,No,No,No,No,No,No,No,No,No,No,No,No,No,0,0,,,,,,0,0,,0,,0,,Electrical Engineering,,,,,,,,,,,,,,,,,,,,,,,4,Depends on whats required for the field I am shooting for.,Man,White/Caucasian,25-34
182,2024/09/19 10:24:59 PM AST,CMP 128 Computer Science I,Yes,No,No,No,No,No,Yes,Yes,No,No,No,Yes,No,No,0,1,-1,-1,0,0,-1,1,0,1,-1,-1,-1,-1,-1,1,Yes,No,No,No,No,No,No,No,No,No,No,No,No,No,No,No,,,,,,,,,,,,,,,Game Development,Yes,Yes,No,Yes,No,No,No,No,Yes,Yes,Yes,Yes,No,Yes,Yes,No,No,No,No,No,No,First Choice,,,Man,White/Caucasian,19-20
183,2024/09/19 10:27:44 PM AST,CMP 128 Computer Science I,Yes,No,No,Yes,No,No,Yes,Yes,No,No,Yes,Yes,No,No,1,,,,,,,1,1,1,,,,,,,Yes,No,No,No,No,No,No,No,No,No,No,No,No,No,No,No,,,,,,,,,,,,,,,Game Development,Yes,Yes,No,Yes,No,No,No,No,No,Yes,Yes,Yes,Yes,Yes,No,No,No,No,No,No,No,First Choice,,,Man,White/Caucasian,19-20
184,2024/09/21 4:14:33 PM AST,CMP 128 Computer Science I,No,No,No,Yes,Yes,Yes,No,No,No,No,No,No,No,No,-1,0,1,-1,0,-1,-1,-1,-1,-1,-1,0,-1,-1,1,-1,No,No,No,No,No,No,No,No,No,No,No,No,No,No,No,No,-1,-1,-1,-1,-1,-1,-1,0,1,-1,1,-1,1,-1,Technical Studies,Yes,Yes,No,Yes,Yes,Yes,No,No,No,No,No,No,No,No,No,No,No,No,No,No,No,First Choice,,,Man,White/Caucasian,21-24
185,2024/09/21 11:25:37 PM AST,CMP 128 Computer Science I,Yes,No,No,No,Yes,Yes,No,Yes,No,No,No,No,No,No,1,1,1,0,-1,-1,1,0,0,0,-1,1,-1,-1,1,-1,No,No,No,No,No,No,No,No,No,No,No,No,No,No,No,No,1,1,1,0,0,-1,-1,1,1,0,-1,-1,-1,-1,Mechanical Engineering,,,,,,,,,,,,,,,,,,,,,,,5,I really like working with all aspects of computers,Man,White/Caucasian,19-20
186,2024/09/21 11:48:22 PM AST,CMP 128 Computer Science I,Yes,No,No,No,No,No,No,No,No,No,No,No,No,No,1,1,1,1,0,0,1,1,1,1,1,0,0,-1,1,-1,No,No,No,No,No,No,No,No,No,No,No,No,No,No,No,No,-1,-1,-1,-1,-1,-1,-1,-1,-1,-1,-1,-1,-1,1,Mechanical Engineering,,,,,,,,,,,,,,,,,,,,,,,5,To learn more,Man,White/Caucasian,19-20
187,2024/09/21 11:53:32 PM AST,CMP 128 Computer Science I,Yes,No,No,No,No,No,No,No,No,No,No,No,No,No,1,1,1,-1,0,-1,0,1,-1,0,0,0,0,-1,1,1,No,No,No,No,No,No,No,No,No,No,No,No,No,No,No,No,-1,-1,-1,-1,-1,-1,-1,-1,-1,-1,-1,-1,-1,0,Mechanical Engineering,,,,,,,,,,,,,,,,,,,,,,,4,Mostly interested because computing has some relations to Mech E,Man,White/Caucasian,19-20
188,2024/09/22 8:09:39 AM AST,CMP 128 Computer Science I,No,No,No,Yes,No,No,No,No,No,No,No,No,No,No,1,0,1,0,1,0,0,0,0,0,-1,-1,-1,0,0,-1,No,No,No,No,No,No,No,No,No,No,No,No,No,No,No,No,-1,-1,-1,-1,-1,0,-1,-1,-1,-1,-1,-1,-1,-1,Mechanical Engineering,,,,,,,,,,,,,,,,,,,,,,,3,I am indifferent about taking another class about computing. It is a required class for my degree. If I had to take another I would not mind but otherwise I probably wouldn't.,Man,Multi-Racial,21-24
189,2024/09/22 11:56:05 AM AST,CMP 128 Computer Science I,No,No,No,Yes,Yes,No,No,No,No,No,No,No,No,No,-1,1,0,1,1,0,,,,1,,,1,,1,,No,No,No,No,No,No,No,No,No,No,No,No,No,No,No,No,0,,1,,,,,1,1,,,,,,Non Degree Seeking,,,,,,,,,,,,,,,,,,,,,,,4,I love programming and would like to continue to learn about it. More so as a thing that interests me then as a thing I would consider a career in.,Man,White/Caucasian,19-20
190,2024/09/22 3:10:08 PM AST,CMP 128 Computer Science I,No,No,No,Yes,No,No,No,No,No,No,No,No,No,No,0,1,-1,-1,-1,-1,-1,0,0,0,-1,0,0,-1,1,-1,No,No,No,No,No,No,No,No,No,No,No,No,No,No,No,No,-1,1,-1,-1,-1,-1,-1,0,1,0,-1,-1,-1,-1,Computer Science,Yes,Yes,No,Yes,No,No,No,No,No,No,Yes,No,No,No,No,No,No,No,No,No,No,First Choice,,,Man,Hispanic or Latino;Multi-Racial,19-20
191,2024/09/22 3:13:34 PM AST,CMP 128 Computer Science I,Yes,No,No,Yes,No,No,No,No,No,No,No,No,No,No,1,1,-1,-1,-1,-1,-1,0,0,0,-1,0,0,-1,0,-1,No,No,No,No,No,No,No,No,No,No,No,No,No,No,No,No,-1,1,-1,-1,-1,-1,-1,1,1,0,-1,-1,-1,-1,Computer Science,Yes,Yes,No,Yes,No,No,No,No,No,No,Yes,No,No,No,No,No,No,No,No,No,No,First Choice,,,Man,Hispanic or Latino;Multi-Racial,19-20
192,2024/09/22 6:32:46 PM AST,CMP 128 Computer Science I,Don't recall,Don't recall,Don't recall,Don't recall,Yes,Don't recall,Don't recall,Don't recall,Don't recall,Don't recall,Yes,Don't recall,Don't recall,Yes,-1,1,-1,1,-1,-1,-1,-1,-1,-1,-1,-1,1,-1,-1,-1,No,No,No,No,No,No,No,No,No,No,No,No,No,No,No,No,1,-1,0,1,0,-1,-1,1,1,1,-1,-1,-1,-1,IT,Yes,Yes,No,Yes,No,Yes,No,Yes,Yes,Yes,Yes,Yes,No,No,No,No,No,No,No,No,No,First Choice,,,Man,Black/African American,19-20
193,2024/09/22 8:51:18 PM AST,CMP 128 Computer Science I,Yes,No,No,Yes,No,No,No,Yes,No,No,No,No,No,No,-1,1,1,1,-1,-1,1,-1,,,,,,,,,Yes,No,No,Yes,No,No,No,No,No,No,No,No,No,No,No,No,-1,-1,-1,-1,-1,-1,-1,-1,-1,1,-1,-1,-1,-1,IT,Yes,Yes,No,Yes,No,Yes,No,No,No,No,No,No,Yes,Yes,Don't recall,Don't recall,Yes,Don't recall,Don't recall,Don't recall,Don't recall,Science,,,Man,Hispanic or Latino;Black/African American,19-20
194,2024/09/22 9:17:23 PM AST,CMP 128 Computer Science I,Yes,Don't recall,No,No,No,No,Yes,Yes,No,No,No,No,No,No,1,1,-1,-1,-1,-1,0,0,0,-1,-1,-1,-1,-1,0,-1,No,No,No,No,No,No,No,No,No,No,No,Yes,No,No,No,No,-1,-1,-1,-1,-1,-1,-1,0,1,-1,-1,-1,-1,-1,Computer Science,Yes,Yes,No,No,No,No,No,No,No,No,Yes,Yes,No,No,Yes,Yes,Yes,No,No,No,No,Business,,,Man,Hispanic or Latino,19-20
195,2024/09/22 11:07:28 PM AST,CMP 128 Computer Science I,Yes,No,No,Yes,Yes,Yes,Yes,No,No,No,No,No,No,No,0,0,-1,-1,-1,-1,-1,0,-1,-1,-1,-1,-1,-1,0,-1,No,No,No,No,No,No,No,No,No,No,No,No,No,No,No,No,-1,-1,-1,-1,-1,-1,-1,-1,-1,-1,-1,0,0,0,Computer Science,No,No,No,Yes,No,Yes,No,No,Yes,No,No,Yes,Don't recall,Don't recall,Don't recall,Don't recall,Don't recall,Don't recall,Don't recall,Don't recall,Don't recall,Engineering,,,Man,Hispanic or Latino;American Indian/Native American/Alaska Native;Asian;Black/African American;Native Hawaiian/Other Pacific Islander;White/Caucasian;Multi-Racial;Choose not to reply,19-20
196,2024/09/27 1:01:23 PM AST,CMP 131 Fundamentals of Programming (Python),No,No,No,Yes,Yes,Yes,No,No,No,Yes,No,No,No,No,0,0,0,-1,1,1,-1,-1,-1,-1,-1,-1,-1,-1,-1,-1,No,No,Yes,No,No,No,No,No,No,No,No,No,Yes,No,No,No,-1,-1,-1,-1,-1,-1,-1,1,1,-1,-1,-1,-1,-1,Data Analytics,Yes,No,No,Yes,Yes,Yes,No,No,Yes,Yes,No,Yes,No,No,No,Yes,Yes,Yes,Yes,Yes,No,First Choice,,,Man,White/Caucasian,25-34